Value,Date
13.706,20191202
14.2678947368,20191202
14.2837837838,20191202
14.0547368421,20191202
14.0752631579,20191202
14.148108108099999,20191202
14.134594594600001,20191202
14.0891891892,20191202
14.096216216199998,20191202
14.158857142899999,20191202
14.0963157895,20191202
14.1464864865,20191202
14.218333333299999,20191202
14.1957894737,20191202
14.2464864865,20191202
14.2178378378,20191202
14.2383333333,20191202
14.267027027000001,20191202
14.2648648649,20191202
14.1124324324,20191202
14.0763157895,20191202
14.0724324324,20191202
14.027027027,20191202
14.1508108108,20191202
14.166666666700001,20191202
14.1381818182,20191202
14.161111111099999,20191202
14.211351351400001,20191202
14.267222222200001,20191202
14.18,20191202
14.1745945946,20191202
14.114736842100001,20191202
14.078,20191202
14.0558823529,20191202
14.037368421099998,20191202
14.0772972973,20191202
13.749285714300001,20191202
14.324324324300001,20191210
14.242702702699999,20191210
14.2383333333,20191210
14.271351351400002,20191210
14.3475675676,20191210
14.2951351351,20191210
14.247027027,20191210
14.2216216216,20191210
14.2042105263,20191210
14.2333333333,20191210
14.2205405405,20191210
14.1972972973,20191210
14.219459459500001,20191210
14.228648648599998,20191210
14.1778378378,20191210
14.2,20191210
14.0621052632,20191210
14.1048648649,20191210
14.1281081081,20191210
14.0772972973,20191210
14.11,20191210
14.1816666667,20191210
14.16,20191210
13.9415384615,20191210
14.170810810799999,20191210
14.2091891892,20191210
14.2221621622,20191210
14.2588571429,20191210
14.257297297300001,20191210
14.2081081081,20191210
14.132972973,20191210
14.1967741935,20191210
14.1843478261,20191210
14.0772972973,20191210
14.1163157895,20191210
14.048648648599999,20191210
14.0785185185,20191210
14.0816216216,20191210
14.105945945899999,20191210
14.0828571429,20191210
14.1257894737,20191210
14.1815384615,20191218
14.182162162200001,20191218
14.1221621622,20191218
14.1684210526,20191218
14.1875675676,20191218
14.084571428599999,20191218
14.1565714286,20191218
14.18,20191218
14.1772972973,20191218
14.1508108108,20191218
14.16,20191218
14.190810810799999,20191218
14.2275675676,20191218
14.1854054054,20191218
14.1294736842,20191218
14.1221621622,20191218
14.0272222222,20191218
14.012105263199999,20191218
14.0551351351,20191218
14.101081081099998,20191218
14.111351351400002,20191218
14.0945945946,20191218
14.054054054100002,20191218
14.0647368421,20191218
14.046486486500001,20191218
14.164000000000001,20191219
14.2231578947,20191204
14.1751351351,20191204
14.230588235299999,20191204
14.265,20191204
14.195675675699999,20191204
13.534,20191204
14.27,20191204
14.22,20191204
14.195,20191204
14.166666666700001,20191204
14.1066666667,20191204
14.17,20191204
14.275,20191204
14.1622222222,20191204
14.1672727273,20191204
14.154054054100001,20191204
14.1783783784,20191204
14.2372972973,20191204
14.229189189200001,20191204
14.3297297297,20191204
14.3027777778,20191204
14.3297142857,20191204
14.233513513499998,20191204
14.203478260899999,20191204
14.128947368399999,20191217
14.116216216199998,20191217
14.0675675676,20191217
14.0886486486,20191217
14.24,20191217
14.1994594595,20191217
14.212972973,20191217
14.245945945899999,20191217
14.2294444444,20191217
14.266486486500002,20191217
14.3027027027,20191217
14.1863157895,20191217
14.26,20191217
14.153513513499998,20191217
14.162702702699999,20191217
14.149189189200001,20191217
14.1555555556,20191217
14.1848648649,20191217
14.1872727273,20191217
14.2094444444,20191217
14.2351351351,20191217
14.123888888900002,20191217
14.131351351400001,20191217
14.1221621622,20191217
14.100540540499999,20191217
13.8272,20191217
14.191764705899999,20191217
14.0810526316,20191217
14.1221621622,20191217
14.165945945899999,20191217
14.1231578947,20191217
14.2273684211,20191223
14.267222222200001,20191223
14.2526315789,20191223
11.9518918919,20191223
11.9297297297,20191223
12.2968421053,20191223
14.0789473684,20191223
14.1184210526,20191223
14.0827027027,20191223
14.1503448276,20191223
14.158378378399998,20191223
14.219428571400002,20191223
14.1836842105,20191223
14.2216216216,20191223
14.2059459459,20191223
14.182105263199999,20191223
14.155,20191223
14.167027027,20191223
14.06,20191223
14.2075675676,20191223
14.2033333333,20191223
14.1615789474,20191223
14.157837837799999,20191223
14.085789473699998,20191223
13.9751515152,20191223
14.1838888889,20191223
14.1684210526,20191223
14.1740540541,20191223
14.237894736800001,20191223
14.192972973,20191223
14.1827777778,20191223
14.1822222222,20191223
14.107428571400002,20191223
14.0897297297,20191223
14.121052631600001,20191223
14.0935135135,20191223
14.1632432432,20191223
14.1716129032,20191223
14.1021621622,20191223
14.053513513499999,20191223
14.1281081081,20191223
14.1221621622,20191223
14.2766666667,20191207
14.2325,20191207
14.2607692308,20191207
14.3064864865,20191207
14.2626315789,20191207
14.196756756800001,20191207
14.3136842105,20191207
14.3451428571,20191207
14.3752,20191207
14.3575757576,20191207
14.208648648599999,20191207
14.2021621622,20191207
14.212972973,20191207
14.1205405405,20191207
14.2142105263,20191207
14.2367567568,20191207
14.206,20191207
14.147027027,20191212
14.1416216216,20191212
14.124,20191212
14.2483333333,20191212
14.143783783800002,20191212
14.2643243243,20191212
14.1972972973,20191212
14.1924324324,20191212
14.1935135135,20191212
14.17375,20191212
14.1736842105,20191212
14.0447058824,20191212
14.0017647059,20191212
14.233513513499998,20191212
14.2356756757,20191212
14.2310526316,20191212
14.1421621622,20191212
14.1347368421,20191212
14.181081081099999,20191212
14.1697297297,20191212
14.2156756757,20191212
14.1957894737,20191212
14.19,20191212
14.2416666667,20191212
14.2735135135,20191212
14.2105555556,20191212
14.2416216216,20191212
14.2321052632,20191212
14.23,20191212
14.0673684211,20191212
14.245945945899999,20191211
14.3097142857,20191211
14.3329411765,20191211
14.2324324324,20191211
14.2369230769,20191211
14.2156756757,20191211
14.0773684211,20191211
14.332631578900001,20191211
14.2489473684,20191211
14.2473684211,20191211
14.252972973,20191211
14.1653333333,20191211
14.2313513514,20191211
14.3033333333,20191211
14.229189189200001,20191211
14.1924324324,20191211
14.1416216216,20191211
14.1616,20191211
14.181111111099998,20191211
14.1822222222,20191211
14.1151351351,20191211
14.2643243243,20191211
14.2091891892,20191211
14.176756756800001,20191211
14.1978378378,20191211
14.156216216199999,20191211
14.132631578900002,20191211
14.14,20191211
14.191351351400002,20191211
14.2027027027,20191211
14.2794594595,20191211
14.201052631600001,20191211
14.294594594600001,20191211
14.2784210526,20191211
14.252432432400001,20191211
14.226315789500001,20191211
14.1921428571,20191211
14.222000000000001,20191211
14.192972973,20191211
14.178918918900001,20191211
14.189473684200001,20191211
14.0713513514,20191211
14.1848648649,20191224
14.236216216199999,20191224
14.2424242424,20191224
14.2443243243,20191224
14.242702702699999,20191224
14.2324137931,20191224
14.1584210526,20191224
14.162702702699999,20191224
14.170810810799999,20191224
14.2216216216,20191224
14.191428571400001,20191224
14.21,20191206
14.243243243199998,20191206
14.357777777799999,20191206
14.2463157895,20191206
14.178888888900001,20191206
14.2394594595,20191206
14.2054545455,20191206
14.2425806452,20191206
14.3124324324,20191206
14.2545945946,20191206
14.3145945946,20191206
14.3589189189,20191206
14.312972972999999,20191206
12.6844444444,20191206
14.3751351351,20191206
14.2421621622,20191206
14.205,20191206
14.2324324324,20191206
14.199375,20191206
14.2971428571,20191206
14.2064,20191206
14.2157894737,20191206
14.2047368421,20191206
14.2211428571,20191206
14.191891891900001,20191206
14.1881081081,20191206
14.2738888889,20191206
14.3077777778,20191206
14.2032432432,20191206
14.22,20191206
14.1684210526,20191206
14.172972973,20191206
14.218235294100001,20191206
14.244000000000002,20191206
14.2048648649,20191206
14.0713513514,20191206
14.116756756800001,20191206
14.1935135135,20191206
14.234054054100001,20191206
14.172972973,20191206
14.102105263199999,20191206
14.1027027027,20191206
14.0783333333,20191206
14.087027027000001,20191206
14.2671428571,20191209
14.250526315799998,20191209
14.0482758621,20191209
14.248461538499999,20191209
14.2037837838,20191209
14.2421621622,20191209
14.288666666700001,20191209
14.160526315799999,20191209
14.1886486486,20191209
14.1407142857,20191209
14.236216216199999,20191209
14.1935135135,20191209
14.158378378399998,20191209
14.22,20191209
14.206486486500001,20191209
14.196756756800001,20191209
14.218378378399999,20191209
14.1745945946,20191209
14.063783783800002,20191209
14.2072222222,20191209
14.1966666667,20191209
14.0852631579,20191209
14.0605405405,20191209
14.0792,20191209
14.1567567568,20191209
14.0751351351,20191209
13.997894736800001,20191209
13.8247368421,20191209
14.1037837838,20191213
13.7333333333,20191213
14.2254054054,20191213
14.2788235294,20191213
14.2951351351,20191213
14.2275675676,20191213
14.2156756757,20191213
14.1724324324,20191213
14.221764705899998,20191213
14.2405405405,20191213
14.2057142857,20191213
14.1613333333,20191213
14.1978378378,20191213
14.1178378378,20191213
14.1681481481,20191213
14.1416666667,20191213
13.9594594595,20191213
14.063783783800002,20191213
14.106486486500001,20191213
13.1248484848,20191213
14.1135135135,20191213
14.093103448299999,20191213
14.0983783784,20191213
14.0697297297,20191213
14.191351351400002,20191213
14.1605405405,20191213
14.2172972973,20191213
14.244210526300002,20191213
14.258888888900001,20191213
14.1740540541,20191213
14.1643243243,20191213
14.2951351351,20191213
14.316666666700002,20191213
14.292631578900002,20191213
14.1217142857,20191213
14.091891891900001,20191213
14.0789473684,20191213
14.0518918919,20191213
14.1237837838,20191213
14.0447368421,20191220
14.013636363599998,20191220
14.254117647100001,20191220
14.16,20191220
14.1427027027,20191220
14.1357894737,20191220
14.162631578900001,20191220
14.1248648649,20191220
14.1572972973,20191220
14.1252631579,20191220
14.1515789474,20191220
14.0940540541,20191220
14.0994594595,20191220
14.091891891900001,20191220
14.144324324300001,20191220
14.162702702699999,20191220
14.2421621622,20191220
14.196216216199998,20191220
14.127368421099998,20191220
14.2,20191220
14.1291891892,20191220
14.1284210526,20191220
14.111351351400002,20191220
14.0673684211,20191220
14.1026315789,20191220
14.058125,20191220
13.972000000000001,20191220
14.027878787899999,20191220
14.175555555599999,20191220
14.176111111099999,20191220
14.2978378378,20191205
14.2484210526,20191205
14.2518918919,20191205
14.2826315789,20191205
14.308,20191205
14.2757894737,20191205
14.29,20191205
14.255999999999998,20191205
14.32,20191205
14.1968,20191205
14.2,20191205
14.2205405405,20191205
14.2891428571,20191205
14.3078947368,20191205
14.265945945899999,20191205
14.1726315789,20191205
14.1944444444,20191205
14.2648648649,20191205
14.303243243199999,20191205
14.2043243243,20191205
14.1318918919,20191205
14.3152631579,20191216
14.203684210499999,20191216
14.1091891892,20191216
14.153888888900001,20191216
14.087368421099999,20191216
14.0388888889,20191216
13.970769230799998,20191216
14.0747368421,20191216
14.113714285699999,20191216
14.135,20191216
14.101428571400001,20191216
14.1784210526,20191216
14.145789473699999,20191216
14.158378378399998,20191216
14.1321052632,20191216
14.1168421053,20191216
13.9740740741,20191216
13.9715789474,20191216
13.9621621622,20191216
13.9709090909,20191216
13.9810526316,20191216
14.0086486486,20191216
14.0221621622,20191216
14.0697297297,20191216
14.087027027000001,20191216
14.1702702703,20191216
14.087368421099999,20191216
14.0372972973,20191216
14.0297297297,20191216
14.0172972973,20191216
14.1081081081,20191216
14.1126315789,20191216
14.2671428571,20191221
14.2527777778,20191221
14.251111111099998,20191221
14.1935135135,20191221
14.164117647100001,20191221
14.0848648649,20191221
14.264210526300001,20191221
14.2175,20191221
14.1268421053,20191221
14.240952381,20191221
14.2142857143,20191221
14.271351351400002,20191221
14.259473684200001,20191221
14.22,20191221
14.261081081099999,20191221
14.243333333299999,20191221
14.193846153800001,20191221
14.172352941199998,20191221
14.2043243243,20191221
14.2264864865,20191221
14.19,20191221
14.1788571429,20191221
14.1944444444,20191221
14.126111111099998,20191221
14.1655555556,20191221
14.1136363636,20191221
13.5016216216,20191221
14.196296296300002,20191227
14.2259459459,20191227
14.184285714300001,20191227
14.1905555556,20191227
14.237894736800001,20191227
14.1975,20191129
14.1886486486,20191129
14.1691891892,20191129
14.1891891892,20191129
14.215,20191129
14.1968421053,20191129
14.215,20191129
14.1494736842,20191129
14.152000000000001,20191129
14.161714285699999,20191129
14.1031578947,20191129
14.0864864865,20191129
14.067027027,20191129
13.9821052632,20191129
13.8578378378,20191129
13.9075675676,20191129
13.9394594595,20191129
13.9666666667,20191129
14.082631578900001,20191129
14.1909090909,20191129
14.196,20191129
14.2,20191129
14.198888888900001,20191129
14.215,20191129
14.2217391304,20191129
14.2295238095,20191129
14.218,20191129
14.1888,20191129
14.2064516129,20191129
14.1529032258,20191129
14.189375,20191129
14.198666666700001,20191129
14.1773333333,20191129
14.1896551724,20191129
14.19625,20191129
14.1921052632,20191129
14.18,20191129
14.22,20191129
14.2061538462,20191129
14.205,20191129
13.903783783800002,20191129
14.044,20191129
14.122,20191129
13.9970588235,20191129
14.0217142857,20191129
14.065,20191129
14.178918918900001,20191129
14.1810526316,20191129
14.195862069,20191129
14.1594594595,20191129
14.0578947368,20191129
13.967027027,20191125
13.988648648599998,20191125
13.7915789474,20191125
14.0231578947,20191125
14.0326315789,20191125
13.946111111099999,20191125
13.8827777778,20191125
13.889189189200001,20191125
13.7483333333,20191125
13.8552631579,20191125
13.9678947368,20191125
13.572000000000001,20191125
14.037368421099998,20191125
14.2702857143,20191203
14.2231578947,20191203
14.1210810811,20191203
14.207027027,20191203
14.2356756757,20191203
14.2863157895,20191203
14.2184210526,20191203
14.1043243243,20191203
14.1689473684,20191203
14.1662857143,20191203
14.2236842105,20191203
14.1935135135,20191203
14.165945945899999,20191203
14.1738888889,20191203
14.2022222222,20191203
14.192,20191203
14.1681081081,20191203
14.2032258065,20191203
14.196216216199998,20191203
14.251428571400002,20191203
14.1552631579,20191203
14.1157894737,20191203
14.2,20191203
14.227027027,20191203
14.2045714286,20191203
14.212631578900002,20191203
14.1747368421,20191203
14.2,20191203
14.14,20191203
14.013333333299999,20191203
14.243243243199998,20200111
14.22,20200111
14.2118918919,20200111
14.2365714286,20200113
14.263333333299999,20200113
14.2352631579,20200113
14.231578947400001,20200113
14.218378378399999,20200113
14.2044444444,20200123
14.2454054054,20200123
14.245789473699999,20200123
14.184210526300001,20200123
14.365945945899998,20200123
14.3124324324,20200123
14.1291891892,20200123
14.105945945899999,20200123
14.1222222222,20200123
14.244444444400001,20200127
14.1923529412,20200127
14.228108108099999,20200127
14.268181818199999,20200127
14.256216216199999,20200127
14.2578947368,20200127
14.2605405405,20200127
14.133513513499999,20200127
14.1677777778,20200127
14.1545945946,20200127
14.200540540499999,20200127
14.2535135135,20200127
14.2545454545,20200127
14.1275675676,20200127
14.174375,20200127
14.1351351351,20200127
14.1940540541,20200127
14.2027027027,20200127
14.2210810811,20200127
14.162702702699999,20200127
14.122631578900002,20200127
14.0145945946,20200127
14.097368421099999,20200127
13.9432432432,20200127
13.9289473684,20200127
14.0394444444,20200127
14.100540540499999,20200128
14.1605405405,20200128
14.163783783800001,20200128
14.1254054054,20200128
14.090810810799999,20200128
14.0905263158,20200128
14.035,20200128
14.2059459459,20200128
14.2041666667,20200128
14.096756756800001,20200128
14.1783333333,20200128
14.156216216199999,20200128
14.1740540541,20200128
14.138378378399999,20200128
14.182105263199999,20200128
14.11,20200128
14.1636842105,20200128
13.8805263158,20200128
14.1372972973,20200128
14.090810810799999,20200128
14.0724324324,20200128
14.059459459500001,20200128
14.0622222222,20200128
14.0951351351,20200128
14.1221052632,20200128
14.1459459459,20200128
14.132972973,20200128
14.1121052632,20200128
14.0897297297,20200128
14.0675675676,20200128
14.0702702703,20200128
14.0032432432,20200128
13.941052631600002,20200128
14.016756756800001,20200128
14.2967567568,20200109
14.324210526300002,20200109
14.2972972973,20200109
14.31,20200109
14.2877419355,20200109
14.3345945946,20200109
14.3383783784,20200109
14.2947368421,20200109
14.2308108108,20200109
14.3221621622,20200109
14.170810810799999,20200109
14.2421621622,20200114
14.259473684200001,20200114
14.2940540541,20200114
14.25,20200114
14.2513513514,20200114
14.211052631600001,20200114
14.224324324300001,20200114
14.3351351351,20200114
14.123684210499999,20200114
14.1468421053,20200114
14.161081081099999,20200114
14.3346666667,20200120
14.1475675676,20200120
14.1827027027,20200120
14.212972973,20200120
14.2681081081,20200120
14.261081081099999,20200120
14.18,20200120
14.2421052632,20200120
14.1972972973,20200120
14.234210526300002,20200120
14.158918918900001,20200120
14.2582608696,20200120
14.188888888900001,20200120
14.2689473684,20200120
14.274736842100001,20200120
14.221111111099999,20200120
14.2394736842,20200120
14.201621621600001,20200120
14.167894736800001,20200120
14.197368421099998,20200120
14.2313513514,20200120
14.2394594595,20200120
14.2091891892,20200120
14.194285714300001,20200120
14.238378378399998,20200120
14.1324324324,20200120
14.2233333333,20200120
14.2347368421,20200120
14.1884210526,20200120
14.2151351351,20200120
14.157837837799999,20200120
14.211333333299999,20200120
14.1561290323,20200120
14.18,20200120
14.2151351351,20200120
14.2483333333,20200120
14.254054054100001,20200120
14.277777777799999,20200120
14.189444444400001,20200120
14.1935135135,20200120
14.166153846199999,20200120
14.218378378399999,20200120
14.2157894737,20200120
14.24,20200120
14.2502702703,20200120
14.213513513499999,20200120
14.224324324300001,20200120
14.237837837799999,20200120
14.2526315789,20200120
14.2,20200120
14.190810810799999,20200120
14.2584210526,20200120
14.1105882353,20200120
14.1140540541,20200120
14.1281081081,20200120
14.0945454545,20200120
14.1259459459,20200122
14.1205405405,20200122
14.143243243199999,20200122
14.3438888889,20200122
14.347027027000001,20200122
14.3308108108,20200122
14.2464864865,20200122
14.267368421099999,20200122
14.2416216216,20200122
14.155,20200122
14.1441176471,20200122
14.1691891892,20200122
14.109444444400001,20200122
14.1354285714,20200122
14.253157894700001,20200122
14.2443243243,20200122
14.1952631579,20200122
14.2,20200122
14.2027027027,20200122
14.2005263158,20200122
14.236216216199999,20200122
14.2164705882,20200122
14.2078947368,20200122
14.2697297297,20200122
14.1877777778,20200122
14.2162162162,20200122
14.175675675699999,20200122
14.0989189189,20200122
14.084615384600001,20200122
14.2194444444,20200121
14.28,20200121
14.1852631579,20200121
14.1843243243,20200121
14.2738888889,20200121
14.303243243199999,20200121
14.2405405405,20200121
14.2877777778,20200121
14.252972973,20200121
14.3136842105,20200121
14.3292307692,20200121
14.224444444400001,20200121
14.1684210526,20200121
14.196521739100001,20200121
14.203888888900002,20200121
14.225263157899999,20200121
14.2556756757,20200121
14.209729729700001,20200121
14.227096774200001,20200121
14.2376470588,20200121
14.177857142899999,20200121
14.246363636400002,20200121
14.287027027,20200121
14.3136842105,20200121
13.964324324300001,20200130
13.984444444400001,20200130
13.9854054054,20200130
13.9567567568,20200130
14.005945945899999,20200130
14.2124324324,20200130
14.005,20200130
14.18,20200130
14.0989189189,20200130
14.1145945946,20200130
13.9772972973,20200130
14.163225806500002,20200130
14.1745945946,20200130
14.175675675699999,20200130
14.134594594600001,20200130
14.07,20200130
14.1654054054,20200130
14.2,20200130
14.196470588199999,20200130
14.1145945946,20200130
14.1745945946,20200130
14.176190476199999,20200130
14.1605405405,20200131
14.1886486486,20200131
14.1964285714,20200131
14.1851428571,20200131
14.176363636400001,20200131
14.1696551724,20200131
14.233888888900001,20200131
14.073513513499998,20200131
14.1905263158,20200131
14.1454545455,20200131
14.1536842105,20200131
14.1510526316,20200131
14.1308108108,20200131
14.198947368399999,20200131
14.084210526300001,20200131
13.7012903226,20200131
14.1331578947,20200131
14.154054054100001,20200131
14.1459459459,20200131
14.1351351351,20200131
14.0963157895,20200131
14.0896969697,20200131
14.049729729700001,20200131
14.0524324324,20200131
14.0718918919,20200201
14.096756756800001,20200201
14.0352631579,20200201
14.1305263158,20200201
14.157837837799999,20200201
14.1205405405,20200201
14.047027027,20200201
13.9059459459,20200201
14.1037837838,20200201
14.087894736800001,20200201
14.095789473699998,20200201
13.968,20200201
14.005945945899999,20200201
13.969189189200002,20200201
13.9908108108,20200201
14.054594594600001,20200201
13.7094736842,20200203
13.8259459459,20200203
13.895833333299999,20200203
13.92,20200203
13.938787878800001,20200203
13.8567741935,20200203
13.91125,20200203
13.9443243243,20200203
14.007027027000001,20200203
13.9226315789,20200203
13.9011764706,20200203
13.9072222222,20200203
13.8222222222,20200203
13.836216216199999,20200203
13.800666666700002,20200203
13.756363636400001,20200203
13.7848648649,20200203
13.7735135135,20200203
13.735428571400002,20200203
13.7393103448,20200203
13.993333333299999,20200204
13.901714285699999,20200204
13.878378378399999,20200204
13.8027027027,20200204
13.9562162162,20200204
13.8859459459,20200204
13.9659459459,20200204
13.9868421053,20200204
13.922162162200001,20200204
13.974594594600001,20200204
13.9942857143,20200204
13.9848648649,20200204
13.999285714300001,20200204
13.9688888889,20200204
13.934210526300001,20200204
13.873513513499999,20200204
13.909090909100001,20200204
13.943125,20200204
13.945405405399999,20200204
13.912972972999999,20200204
13.9086486486,20200204
13.9444444444,20200204
13.9526315789,20200204
13.883783783800002,20200204
13.7726315789,20200204
13.7313513514,20200204
13.7502702703,20200204
13.8156756757,20200204
13.8221052632,20200204
13.8316666667,20200204
13.8184210526,20200204
13.8594594595,20200204
13.9372972973,20200204
13.8789189189,20200204
13.7677777778,20200204
13.845555555599999,20200204
13.7448648649,20200204
13.8021621622,20200204
13.7626315789,20200204
13.7686486486,20200204
13.752432432400001,20200204
13.7783783784,20200204
13.745945945899999,20200204
13.6652631579,20200204
13.6173333333,20200204
13.78,20200204
13.64,20200204
13.635,20200204
13.8689655172,20200205
13.9427027027,20200205
13.951052631600001,20200205
13.9378378378,20200205
13.932105263199999,20200205
13.9810810811,20200205
13.8297297297,20200205
13.8544444444,20200205
13.8393939394,20200205
13.9589189189,20200205
13.885,20200205
13.8496969697,20200205
13.8547058824,20200205
13.7927777778,20200205
13.7508108108,20200205
13.923783783800001,20200205
13.9718918919,20200205
13.954285714300001,20200205
13.8691891892,20200205
13.8675675676,20200205
13.908108108099999,20200205
13.873684210499999,20200205
13.7735135135,20200205
13.8075675676,20200205
13.8666666667,20200205
13.878947368399999,20200205
13.8631578947,20200205
13.8216216216,20200205
14.2748571429,20191127
14.2503448276,20191127
14.3011428571,20191127
14.185945945899999,20191127
14.178918918900001,20191127
14.1891891892,20191127
14.2068421053,20191127
14.216315789500001,20191127
14.1594594595,20191127
14.2268421053,20191127
14.200540540499999,20191127
14.2,20191127
14.1475675676,20191127
14.133529411800001,20191127
14.143529411800001,20191127
14.147027027,20191127
14.181621621600002,20191127
14.191351351400002,20191127
14.078378378399998,20191127
14.0578378378,20191127
14.1145945946,20191127
14.077837837799999,20191127
14.112941176500001,20191127
14.1242105263,20191127
14.265789473699998,20191127
14.09375,20191127
14.0147368421,20191127
14.0654054054,20191127
14.0605405405,20191127
14.1406896552,20191127
13.8904347826,20191127
14.1768421053,20191127
14.18,20191127
14.2494444444,20191127
14.262941176500002,20191127
14.2157894737,20191127
14.1744444444,20191127
14.154054054100001,20191127
14.1464864865,20191127
14.0978947368,20191127
14.158378378399998,20191127
14.095,20191127
14.1563157895,20191128
14.1984210526,20191128
14.1231578947,20191128
14.139459459500001,20191128
14.0731428571,20191128
14.1891891892,20191128
14.175675675699999,20191128
14.1783783784,20191128
14.12,20191128
14.0886486486,20191128
14.087368421099999,20191128
14.1556756757,20191128
14.16,20191128
14.1464864865,20191128
14.0755555556,20191128
14.054054054100002,20191128
12.8722222222,20191128
11.675789473699998,20191128
11.0542105263,20191128
13.9821621622,20191128
14.121333333299999,20191128
14.1735135135,20191128
14.2011111111,20191128
14.1940540541,20191128
14.073513513499998,20191128
14.1140540541,20191128
14.021621621600001,20191128
14.078918918900001,20191128
14.093333333299999,20191128
14.045,20191128
13.99,20191128
14.065,20191128
14.052972973,20191128
14.096666666700001,20191128
14.111351351400002,20191128
14.09,20191128
14.058378378399999,20191128
14.1086486486,20191128
14.1461111111,20191128
14.153333333299999,20191128
14.1257894737,20191128
14.1547368421,20191128
14.181081081099999,20191128
14.1145945946,20191128
14.033684210499999,20191128
14.025945945899998,20191128
14.1151351351,20191128
14.2264864865,20191128
14.044864864900001,20191128
14.127027027,20191128
14.1427027027,20191128
14.1716666667,20191128
14.2551351351,20191230
14.2481081081,20191230
14.238918918900001,20191230
14.2497297297,20191230
14.237837837799999,20191230
14.1940540541,20191230
14.1805405405,20191230
14.1784210526,20191230
14.2178378378,20191230
14.25,20191230
14.3264705882,20191230
14.2689473684,20191230
14.173157894700001,20191230
14.162105263199999,20191230
14.1048648649,20191230
14.1789473684,20191230
14.2026315789,20191230
14.195675675699999,20191230
14.2583783784,20191230
14.207027027,20191230
14.140555555599999,20191230
14.1410810811,20191230
14.14,20191230
14.2210810811,20191230
14.1683333333,20200103
14.267027027000001,20200110
14.234545454500001,20200110
14.0566666667,20200110
14.2188571429,20200108
14.3463157895,20200108
14.25,20200108
14.274210526300001,20200108
14.2254054054,20200108
14.2784210526,20200108
14.2843243243,20200108
14.3322222222,20200108
14.24,20200108
14.3436842105,20200108
14.3335135135,20200107
14.3436842105,20200107
14.247894736800001,20200107
14.141052631600001,20200107
14.3264864865,20200107
14.1825,20200107
14.308125,20200115
14.2628571429,20200115
14.3302702703,20200115
14.2952631579,20200115
14.2545945946,20200115
14.2356756757,20200106
14.284736842100001,20200106
14.29625,20200106
14.312972972999999,20200106
14.241081081099999,20200106
14.238378378399998,20200106
14.2481081081,20200106
14.1868421053,20200106
14.222222222200001,20200106
14.2284210526,20200106
14.220526315799999,20200106
14.2367567568,20200106
14.278947368399999,20200106
14.2859459459,20200106
14.3621052632,20200106
14.383243243199999,20200106
14.372972973,20200106
14.2172222222,20200106
14.1889473684,20200106
14.234210526300002,20200106
14.1902702703,20200106
14.2847058824,20200106
14.307027027,20200106
14.2333333333,20200106
14.2648648649,20200106
14.2259459459,20200106
14.2681081081,20200106
14.306,20200106
14.367027027,20200106
14.160645161300002,20200106
14.148648648599998,20200106
14.1091891892,20200116
14.022105263199999,20200116
14.1172972973,20200116
14.178918918900001,20200116
14.280540540499999,20200116
14.3021052632,20200116
14.232972972999999,20200116
14.3551351351,20200116
14.3622222222,20200116
14.2518918919,20200116
14.213513513499999,20200116
14.191052631600002,20200116
14.257297297300001,20200116
14.288947368399999,20200116
14.2663157895,20200116
14.27875,20200116
14.2221052632,20200116
13.895,20200116
14.187027027000001,20200116
14.189444444400001,20200116
14.2220689655,20200116
14.1567567568,20200116
14.167368421099999,20200117
14.0889473684,20200117
14.0863157895,20200117
14.096521739100002,20200117
14.1275675676,20200117
14.1968421053,20200117
14.245,20200117
14.245945945899999,20200117
14.155428571400002,20200117
14.2947368421,20200117
14.29,20200117
14.32,20200117
14.2666666667,20200117
14.261081081099999,20200117
14.299459459500001,20200117
14.1517241379,20200117
14.1616216216,20200117
14.14,20200117
14.2352631579,20200117
14.173333333299999,20200117
14.095999999999998,20200129
14.1891891892,20200129
14.1372222222,20200129
14.156216216199999,20200129
14.1321052632,20200129
14.123,20200129
13.908,20200129
14.118461538499998,20200129
14.138918918900002,20200129
14.196111111099999,20200129
14.1102702703,20200129
14.091891891900001,20200129
14.0481081081,20200129
14.1222857143,20200129
14.1172972973,20200129
14.0863157895,20200129
14.18,20200129
13.850625,20200206
13.33,20200206
13.949444444400001,20200206
14.0624242424,20200206
14.0902702703,20200206
14.06,20200206
14.0708108108,20200206
14.0135135135,20200206
13.9417142857,20200206
14.047027027,20200206
14.0405405405,20200206
13.987027027,20200206
14.03,20200206
13.9286486486,20200206
14.0124324324,20200206
14.0135135135,20200206
14.046486486500001,20200206
13.9621428571,20200206
13.9854054054,20200206
13.945945945899998,20200206
13.968648648599999,20200206
13.949444444400001,20200206
13.936216216199998,20200206
13.736666666700001,20200206
13.9023076923,20200206
13.9075675676,20200206
13.915999999999999,20200206
13.9,20200206
13.868648648599999,20200206
13.9589189189,20200206
13.878378378399999,20200206
13.969729729700001,20200206
13.9994594595,20200206
14.0126315789,20200206
13.9563157895,20200206
13.9441176471,20200206
13.972972973,20200206
13.749473684200002,20200206
13.805,20200206
13.8048648649,20200206
13.8131578947,20200206
13.8821621622,20200207
13.92,20200207
13.8194736842,20200207
13.9048648649,20200207
14.32,20191126
14.223243243199999,20191126
14.232972972999999,20191126
14.2091428571,20191126
14.262105263199999,20191126
14.208947368399999,20191126
14.2075675676,20191126
14.174117647100001,20191126
14.290270270299999,20191126
14.2351351351,20191126
14.2302702703,20191126
14.2568421053,20191126
14.2436842105,20191126
14.229189189200001,20191126
14.1324324324,20191126
14.1344,20191126
14.2048648649,20191126
14.1510526316,20191126
14.178918918900001,20191126
14.14,20191126
14.0693333333,20191126
14.1058823529,20191126
14.1978378378,20191126
14.2216216216,20191126
14.2537931034,20191126
14.2735135135,20191126
14.1921428571,20191126
14.142222222200001,20191126
14.0913513514,20191126
14.0848648649,20191126
14.121621621600001,20191126
14.0913513514,20191126
14.0394594595,20191126
14.0805405405,20191126
14.066666666700002,20191126
14.0697297297,20191126
14.0110526316,20191126
14.0237837838,20191126
14.0064,20191126
14.055789473699999,20191126
14.0567567568,20191125
14.052121212100001,20191125
13.9756756757,20191125
13.9382352941,20191125
13.8688888889,20191125
13.9605263158,20191125
13.7891891892,20191125
13.9605405405,20191125
14.029444444400001,20191125
13.839473684200001,20191125
13.8048648649,20191125
14.1621621622,20191125
14.003783783800001,20191125
14.0194594595,20191125
14.055263157899999,20191125
14.085,20191125
14.0352631579,20191125
13.9275675676,20191125
14.01875,20191125
14.046486486500001,20191125
14.1232432432,20191128
14.181111111099998,20191128
14.2094117647,20191128
14.1664,20191128
14.1827027027,20191128
14.201666666700001,20191128
14.1752631579,20191128
14.1594594595,20191128
14.0821621622,20191128
14.1163157895,20191128
14.087027027000001,20191128
14.1221621622,20191128
14.0503225806,20191128
14.1622222222,20191128
11.552972973,20191128
5.9710526316,20191128
10.285405405399999,20191128
13.936756756800001,20191128
14.1805555556,20191128
14.21,20191128
14.184210526300001,20191128
14.156842105299999,20191128
14.063783783800002,20191128
14.0318918919,20191128
14.107027027,20191128
13.96,20191128
14.0466666667,20191128
14.02,20191128
14.0905263158,20191128
14.2122580645,20191128
14.1497297297,20191128
14.12,20191128
14.1691891892,20191128
14.1081481481,20191128
14.154054054100001,20191128
14.1594594595,20191128
14.125333333299999,20191128
14.075789473699999,20191128
14.2942105263,20191205
14.327894736800001,20191205
14.298918918900002,20191205
14.2368421053,20191205
14.2937142857,20191205
14.2026315789,20191205
14.3252631579,20191205
14.2324324324,20191205
14.2859459459,20191205
14.194210526300001,20191205
14.2903030303,20191205
14.2356756757,20191205
14.2043243243,20191205
14.243243243199998,20191205
14.2497297297,20191205
14.2194736842,20191205
14.22,20191205
14.0243478261,20191205
14.2875862069,20191205
14.1826315789,20191205
14.178666666700002,20191205
14.207027027,20191127
14.191351351400002,20191127
14.1616666667,20191127
14.1691891892,20191127
14.2216216216,20191127
14.258918918900001,20191127
14.266486486500002,20191127
14.2416216216,20191127
14.1817647059,20191127
14.2216216216,20191127
14.178918918900001,20191127
13.512972973,20191127
14.1224242424,20191127
14.1464864865,20191127
14.208648648599999,20191127
14.0615789474,20191127
14.120999999999999,20191127
13.984571428599999,20191127
14.0378378378,20191127
14.118333333299999,20191127
14.160526315799999,20191127
14.178888888900001,20191127
14.158918918900001,20191127
14.17,20191127
14.2529411765,20191127
14.2448,20191127
14.141052631600001,20191127
14.054054054100002,20191127
14.125625,20191127
14.2095238095,20191127
14.292972973,20191127
14.2081081081,20191127
14.181621621600002,20191127
14.1210810811,20191127
13.01,20191127
14.1221621622,20191127
14.1303448276,20191127
14.1356756757,20191127
14.293513513499999,20191202
14.3589189189,20191202
14.2702702703,20191202
14.2691891892,20191202
14.24,20191202
14.2508108108,20191202
14.1454054054,20191202
14.09,20191202
14.0848648649,20191202
14.053513513499999,20191202
14.0475675676,20191202
14.0848648649,20191202
14.0702702703,20191202
14.0340540541,20191202
14.0864705882,20191202
14.111052631600002,20191202
14.2084210526,20191202
14.2166666667,20191202
14.234054054100001,20191202
14.1794594595,20191202
14.1315789474,20191202
14.1684210526,20191202
14.096363636400001,20191202
14.096571428599999,20191202
14.111428571400001,20191202
14.1448648649,20191202
14.232972972999999,20191202
14.0915789474,20191202
14.1233333333,20191202
14.0340540541,20191202
14.0551351351,20191202
14.0568421053,20191202
14.1102702703,20191202
14.1537142857,20191202
14.209729729700001,20191202
14.175789473699998,20191202
14.143243243199999,20191202
14.092105263199999,20191202
14.100540540499999,20191202
14.1178378378,20191202
14.144,20191202
14.0281081081,20191202
14.0616216216,20191202
13.62,20191202
14.109473684200001,20191202
14.0978378378,20191202
14.1935135135,20191203
14.1,20191203
14.2951351351,20191203
14.1681081081,20191203
14.191666666700002,20191203
14.2051851852,20191203
14.223783783800002,20191203
14.2740540541,20191203
14.2502702703,20191203
14.2733333333,20191203
14.1686486486,20191203
14.2,20191203
14.1515789474,20191203
14.1315789474,20191203
14.1410810811,20191203
14.1043243243,20191203
14.1778378378,20191203
14.1890909091,20191203
14.2121052632,20191203
14.2118918919,20191203
14.2043243243,20191203
14.1145945946,20191203
14.18,20191203
14.14,20191203
14.213513513499999,20191203
14.19,20191203
14.105,20191203
14.125,20191203
14.1778947368,20191206
14.3860606061,20191206
14.3540540541,20191206
14.2936842105,20191206
14.170810810799999,20191206
14.2264864865,20191206
14.3084210526,20191206
14.3477419355,20191206
14.3227027027,20191206
14.2832432432,20191206
14.318918918900001,20191206
14.346666666700001,20191206
14.3757894737,20191206
14.405,20191206
14.3552631579,20191206
14.304444444400001,20191206
14.213513513499999,20191206
14.2310526316,20191206
14.2843243243,20191206
14.1940540541,20191206
14.200540540499999,20191206
14.275675675699999,20191206
14.136315789500001,20191206
14.1416216216,20191206
14.1031578947,20191206
14.1710344828,20191206
14.164210526300002,20191206
14.1817647059,20191206
14.1752631579,20191206
14.112972973,20191206
14.230526315799999,20191206
14.2422222222,20191206
14.1362162162,20191206
14.0963157895,20191206
14.2443243243,20191206
14.1468421053,20191206
14.211052631600001,20191209
14.256216216199999,20191209
14.1941935484,20191209
14.252105263199999,20191209
14.2178947368,20191209
14.225263157899999,20191209
14.184210526300001,20191209
14.146315789500001,20191209
14.1990909091,20191209
14.066666666700002,20191209
14.1831578947,20191209
14.169090909100001,20191209
14.2118918919,20191209
14.2351351351,20191209
14.185555555599999,20191209
14.1848648649,20191209
14.1584210526,20191209
14.219459459500001,20191209
14.2565714286,20191209
14.265945945899999,20191209
14.1843243243,20191209
14.082631578900001,20191209
14.041621621600001,20191209
14.004210526300001,20191209
14.0427027027,20191209
14.074210526300002,20191209
14.1006666667,20191209
13.9562162162,20191209
14.0556756757,20191209
14.044,20191209
14.0183783784,20191209
14.0327777778,20191209
14.3,20191129
14.1961290323,20191129
14.2221052632,20191129
14.194705882400001,20191129
14.1945945946,20191129
14.1951351351,20191129
14.171428571400002,20191129
12.562307692300001,20191129
14.1243243243,20191129
14.077894736800001,20191129
14.0567567568,20191129
14.0315789474,20191129
13.7178378378,20191129
13.9918918919,20191129
14.202,20191129
14.186875,20191129
14.2378571429,20191129
14.1812903226,20191129
14.188387096800001,20191129
14.195,20191129
14.1875,20191129
14.1188571429,20191129
14.174117647100001,20191129
14.21,20191129
14.2,20191129
14.1983783784,20191129
14.2105263158,20191129
14.1993548387,20191129
14.076875,20191129
14.148,20191129
14.102068965499999,20191129
14.006875,20191129
14.079047619,20191129
14.085,20191129
14.14,20191129
14.058918918900002,20191129
14.0484210526,20191129
14.0022222222,20191129
14.265945945899999,20191204
14.2643243243,20191204
14.301052631600001,20191204
14.2059459459,20191204
14.1817142857,20191204
14.1951351351,20191204
14.2308108108,20191204
14.2860606061,20191204
14.2194444444,20191204
14.288947368399999,20191204
14.2,20191204
14.185,20191204
14.238823529400001,20191204
14.2383333333,20191204
14.2032432432,20191204
14.187027027000001,20191204
14.1843243243,20191204
14.1456,20191204
14.14,20191204
14.1567567568,20191204
14.2136842105,20191204
14.247027027,20191204
14.1615789474,20191204
14.1966666667,20191204
14.1923076923,20191204
13.2,20191204
14.313125,20191204
14.281081081099998,20191204
14.335,20191204
14.2545945946,20191204
14.209729729700001,20191204
14.2151351351,20191204
14.2966666667,20191207
14.291351351400001,20191207
14.356216216199998,20191207
14.3758823529,20191207
14.2929032258,20191207
14.3551351351,20191207
14.3284210526,20191207
14.285925925899999,20191207
14.19,20191207
14.175555555599999,20191207
14.2088235294,20191207
14.230555555599999,20191207
14.18,20191207
14.247027027,20191207
14.211351351400001,20191210
14.257297297300001,20191210
14.317837837799999,20191210
14.313513513499998,20191210
14.2827027027,20191210
14.3108108108,20191210
14.31,20191210
14.2842105263,20191210
14.2848,20191210
14.2953846154,20191210
14.3027027027,20191210
14.266486486500002,20191210
14.2136842105,20191210
14.2124324324,20191210
13.9644444444,20191210
14.2058333333,20191210
14.185789473699998,20191210
14.1989189189,20191210
14.0652631579,20191210
14.1716666667,20191210
14.172352941199998,20191210
14.1827027027,20191210
14.1066666667,20191210
14.125714285699999,20191210
14.2313513514,20191210
14.2372972973,20191210
14.146666666700002,20191210
14.138378378399999,20191210
14.1771428571,20191210
14.2043243243,20191210
14.1875675676,20191210
14.128235294100001,20191210
14.14,20191210
14.1488888889,20191210
14.145263157899999,20191210
14.096216216199998,20191210
14.1355555556,20191210
14.14875,20191210
14.1115789474,20191210
14.0344444444,20191210
14.073333333299999,20191210
14.021052631600002,20191210
14.0631578947,20191210
14.068108108099999,20191210
14.0989189189,20191210
14.196470588199999,20191212
14.145,20191212
14.115,20191212
14.144324324300001,20191212
14.201621621600001,20191212
14.2216216216,20191212
14.2227027027,20191212
14.165945945899999,20191212
14.276756756800001,20191212
14.1853333333,20191212
14.2015789474,20191212
14.228108108099999,20191212
14.2454054054,20191212
14.196756756800001,20191212
14.1048648649,20191212
14.2088235294,20191212
14.1702702703,20191212
14.2043243243,20191212
14.1994594595,20191212
14.169473684200002,20191212
14.237058823499998,20191212
14.1686486486,20191212
14.2188888889,20191212
14.2652941176,20191212
14.2052631579,20191212
14.1817142857,20191212
14.1510526316,20191212
14.144444444400001,20191212
14.1356756757,20191212
14.211538461500002,20191212
14.0478947368,20191212
13.9805405405,20191212
14.1028571429,20191212
14.3258064516,20191216
14.2738888889,20191216
14.2336842105,20191216
14.2632,20191216
14.1891891892,20191216
14.1815384615,20191216
14.1681081081,20191216
14.139459459500001,20191216
14.1884210526,20191216
14.12,20191216
14.1221052632,20191216
14.076216216199999,20191216
14.1509677419,20191216
14.191666666700002,20191216
14.2205405405,20191216
14.2061538462,20191216
14.182666666700001,20191216
14.1552941176,20191216
14.1047619048,20191216
14.1405405405,20191216
13.9947368421,20191216
14.1243243243,20191216
14.085882352899999,20191216
14.1459459459,20191216
14.104000000000001,20191216
14.1662857143,20191216
14.024736842100001,20191216
14.1475675676,20191216
14.091111111099998,20191216
14.060526315799999,20191216
14.032972973,20191216
14.1342105263,20191218
14.1745945946,20191218
14.3472727273,20191218
14.2678947368,20191218
14.212972973,20191218
14.1926315789,20191218
14.2227027027,20191218
14.2108108108,20191218
14.0978378378,20191218
14.178181818199999,20191218
14.1456,20191218
13.824516129000001,20191218
14.126,20191218
14.01,20191218
14.1854054054,20191218
14.036875,20191218
14.1747368421,20191218
14.2011764706,20191218
14.2091891892,20191218
14.205405405399999,20191218
14.2551351351,20191218
14.26,20191218
14.206486486500001,20191218
14.1784210526,20191218
14.0221621622,20191218
14.031351351400001,20191218
14.0367741935,20191218
14.113684210499999,20191218
14.1745945946,20191218
14.069189189200001,20191218
14.0504,20191218
14.044375,20191218
14.051351351400001,20191218
14.0052631579,20191218
14.0085714286,20191218
14.0910526316,20191218
14.3118918919,20191220
14.1415789474,20191220
14.1516666667,20191220
14.0789473684,20191220
14.162702702699999,20191220
14.165789473699999,20191220
14.1266666667,20191220
14.1366666667,20191220
14.0988235294,20191220
14.1048484848,20191220
14.081081081099999,20191220
14.153939393900002,20191220
14.1891891892,20191220
14.219459459500001,20191220
14.1314285714,20191220
14.1075675676,20191220
14.115675675699999,20191220
14.1032432432,20191220
14.14,20191220
14.072972972999999,20191220
14.0940540541,20191220
14.0772972973,20191220
14.101621621600001,20191220
14.1227777778,20191220
14.1324324324,20191220
14.158918918900001,20191220
14.2005263158,20191220
14.1745945946,20191220
14.1315789474,20191220
14.1294736842,20191220
14.14875,20191220
14.1011111111,20191220
13.9511111111,20191220
14.051351351400001,20191220
14.076216216199999,20191220
14.1594736842,20191220
14.100714285699999,20191220
14.130555555599999,20191211
14.1572972973,20191211
14.1772972973,20191211
14.2675675676,20191211
14.2821621622,20191211
14.2859459459,20191211
14.3297297297,20191211
14.2227027027,20191211
14.3375,20191211
14.1686486486,20191211
14.172972973,20191211
14.1763157895,20191211
14.1691891892,20191211
14.154054054100001,20191211
14.288947368399999,20191211
14.192,20191211
14.2297297297,20191211
14.2545945946,20191211
14.2918918919,20191211
14.2978378378,20191211
14.234054054100001,20191211
14.1854054054,20191211
14.1629411765,20191211
14.1194736842,20191211
14.092972973,20191211
14.1205405405,20191211
14.2408333333,20191213
14.1324324324,20191213
14.1016666667,20191213
14.081081081099999,20191213
14.1194594595,20191213
14.218378378399999,20191213
14.291052631600001,20191213
14.324444444400001,20191213
14.272972973,20191213
14.1681081081,20191213
14.1489473684,20191213
14.223243243199999,20191213
14.181621621600002,20191213
14.121052631600001,20191213
14.152631578900001,20191213
14.1421621622,20191213
14.134594594600001,20191213
14.1189189189,20191213
14.095789473699998,20191213
14.1894117647,20191213
14.148648648599998,20191213
14.1145945946,20191213
14.1259459459,20191213
14.1086486486,20191213
14.1043243243,20191213
14.0916666667,20191213
14.1068421053,20191213
14.171891891900001,20191213
14.0459459459,20191213
14.247647058800002,20191213
14.1842424242,20191213
14.129729729700001,20191213
14.1881081081,20191213
14.2005555556,20191213
14.2022222222,20191213
14.123684210499999,20191213
14.2951351351,20191213
14.1085714286,20191213
14.148648648599998,20191213
14.1632432432,20191217
14.1713513514,20191217
14.0616216216,20191217
14.1151351351,20191217
14.1275675676,20191217
14.162631578900001,20191217
14.200540540499999,20191217
14.262162162200001,20191217
14.2643243243,20191217
14.2311764706,20191217
14.243783783800001,20191217
14.1091891892,20191217
14.1486666667,20191217
14.032972973,20191217
14.1502702703,20191217
14.1372972973,20191217
14.1606060606,20191217
14.1635714286,20191217
14.1669230769,20191217
14.1342857143,20191217
14.1271428571,20191217
14.136296296300001,20191217
14.121052631600001,20191217
14.11875,20191217
14.1086486486,20191217
14.1294736842,20191217
14.1515789474,20191217
14.139375,20191217
14.1366666667,20191217
14.1253846154,20191217
14.1244444444,20191217
14.1427027027,20191217
14.106486486500001,20191217
14.133513513499999,20191217
14.1551351351,20191217
14.1805405405,20191217
14.1252631579,20191217
14.0432432432,20191217
14.1057142857,20191217
14.1247058824,20191217
14.037368421099998,20191221
14.1324324324,20191221
13.932105263199999,20191221
14.1545945946,20191221
14.231515151500002,20191221
14.163333333299999,20191221
14.28,20191221
14.3221621622,20191221
13.755999999999998,20191221
14.1978378378,20191221
14.1621621622,20191221
14.1951351351,20191221
14.2254054054,20191221
14.1302702703,20191221
14.1547368421,20191221
14.1794594595,20191221
14.1431578947,20191221
14.1508108108,20191221
13.816666666700002,20191221
14.132941176500001,20191221
11.9594594595,20191223
11.940540540499999,20191223
11.926486486500002,20191223
11.921621621600002,20191223
13.970967741900001,20191223
14.0736842105,20191223
14.165945945899999,20191223
14.1475675676,20191223
14.0518918919,20191223
14.1221052632,20191223
14.156842105299999,20191223
14.2167567568,20191223
14.244210526300002,20191223
14.2078947368,20191223
14.0767567568,20191223
14.156216216199999,20191223
14.1926315789,20191223
14.1958823529,20191223
14.2452631579,20191223
14.1321052632,20191223
14.166666666700001,20191223
14.1405405405,20191223
14.0702702703,20191223
13.989166666700001,20191223
13.8276923077,20191223
14.0886486486,20191223
14.0194594595,20191223
14.0616666667,20191223
14.0431578947,20191223
14.0102702703,20191223
14.1016,20191223
14.2304,20191223
14.2128,20191223
14.177222222200001,20191223
14.2066666667,20191223
14.2124324324,20191223
14.1513513514,20191223
14.166153846199999,20191223
13.24,20191223
14.1296551724,20191223
14.1518918919,20191223
14.0810526316,20191223
14.0978378378,20191223
14.1237837838,20191223
14.0610810811,20191223
14.1194736842,20191223
14.121621621600001,20191223
14.121052631600001,20191223
14.0378378378,20191223
14.1155555556,20191223
14.076216216199999,20191223
14.0922222222,20191223
14.203684210499999,20191224
14.171891891900001,20191224
14.2284210526,20191224
14.227027027,20191224
13.12,20191224
14.1237837838,20191224
14.158378378399998,20191224
14.1931578947,20191224
14.1097297297,20191227
14.1284210526,20191227
14.1324324324,20191227
13.345999999999998,20191227
14.181081081099999,20191227
14.2317647059,20191227
14.2171428571,20191227
14.2357575758,20191227
14.3075675676,20200103
14.267222222200001,20200111
14.321081081099999,20200111
14.2416666667,20200111
14.252,20200111
14.197368421099998,20200111
14.1983783784,20200111
14.1881081081,20200111
14.130555555599999,20200111
14.1253846154,20200111
14.157894736800001,20200111
14.1713513514,20200117
14.1589473684,20200117
14.0828571429,20200117
14.1248648649,20200117
14.1816666667,20200117
14.186486486500002,20200117
14.2416216216,20200117
14.285217391300002,20200117
14.2666666667,20200117
14.31,20200117
14.3,20200117
14.144210526300002,20200117
14.192,20200129
14.0715789474,20200129
14.0394594595,20200129
14.0668421053,20200129
14.2021621622,20200129
14.2059459459,20200129
14.177368421099999,20200129
14.2084210526,20200129
14.1691891892,20200129
14.1122222222,20200129
14.1805405405,20200129
14.1843243243,20200129
14.1762962963,20200129
14.1772972973,20200129
13.817894736800001,20200129
14.127368421099998,20200129
14.0863157895,20200129
14.1848648649,20200129
14.15,20200129
14.1713513514,20200129
14.0810526316,20200129
14.1083333333,20200129
14.154054054100001,20200129
14.1291891892,20200129
14.1294736842,20200129
14.171891891900001,20200129
14.1243243243,20200129
14.121052631600001,20200129
14.0524324324,20200129
14.12,20200129
14.1643243243,20200129
14.3318918919,20200109
14.3,20200109
14.3194594595,20200109
14.3367567568,20200109
14.314054054100001,20200109
14.3632432432,20200109
14.3448648649,20200109
14.237837837799999,20200109
14.3443243243,20200109
14.3371428571,20200109
14.200540540499999,20200109
14.22,20200109
14.1459459459,20200109
14.03375,20200109
13.9167567568,20200130
14.2043243243,20200130
14.2057142857,20200130
14.193684210499999,20200130
14.17,20200130
14.071111111099999,20200130
14.097222222200001,20200130
14.1594594595,20200130
14.1567567568,20200130
14.0875,20200130
13.9794444444,20200130
14.127368421099998,20200130
14.182162162200001,20200130
14.1504,20200130
14.0659459459,20200130
14.1945945946,20200130
14.182162162200001,20200130
14.224324324300001,20200115
14.265945945899999,20200115
14.251428571400002,20200115
14.223783783800002,20200115
14.2373684211,20200115
14.3145945946,20200115
14.2024242424,20200128
14.1789473684,20200128
14.0836842105,20200128
14.0616216216,20200128
14.0972972973,20200128
14.15,20200128
14.165789473699999,20200128
14.1663157895,20200128
14.1948571429,20200128
14.1572972973,20200128
14.12,20200128
14.175675675699999,20200128
14.1978378378,20200128
14.1518918919,20200128
14.1140540541,20200128
14.0902702703,20200128
14.1259459459,20200128
14.162702702699999,20200128
14.1848648649,20200128
14.156842105299999,20200128
14.109473684200001,20200128
14.1066666667,20200128
14.03,20200128
14.025405405399999,20200128
14.041621621600001,20200128
14.042857142899999,20200128
13.9105882353,20200128
14.1575,20200128
14.0756756757,20200128
14.0902857143,20200128
13.9831578947,20200128
14.2527777778,20200108
14.3272222222,20200108
14.2735135135,20200108
14.2264864865,20200108
14.290967741900001,20200108
14.3432432432,20200108
14.2562962963,20200108
14.321481481500001,20200108
14.33,20200108
14.232972972999999,20200108
14.271052631600002,20200108
14.14,20200108
14.161081081099999,20200107
14.2489655172,20200107
14.334054054100001,20200107
14.36,20200107
14.2837837838,20200107
14.4136842105,20200107
14.38,20200107
14.351351351400002,20200107
14.2094736842,20200113
14.1989189189,20200113
14.2351351351,20200113
14.2205405405,20200113
14.3108108108,20200113
14.2142857143,20200113
14.2686486486,20200113
14.252432432400001,20200113
14.27,20200113
14.214594594600001,20200113
14.187027027000001,20200113
14.2686486486,20200120
14.083157894700001,20200120
14.254054054100001,20200120
14.1686486486,20200120
14.197058823499999,20200120
14.1716666667,20200120
14.2308108108,20200120
14.24,20200120
14.3021621622,20200120
14.2945454545,20200120
14.1843243243,20200120
14.1735135135,20200120
14.228648648599998,20200120
14.206486486500001,20200120
14.250526315799998,20200120
14.182162162200001,20200120
14.1868571429,20200120
14.201666666700001,20200120
14.156216216199999,20200120
14.261875,20200120
14.187428571400002,20200120
14.2227027027,20200120
14.252432432400001,20200120
14.22,20200120
14.1327272727,20200120
14.2951351351,20200120
14.2778378378,20200120
14.2361111111,20200120
14.178918918900001,20200123
14.1913333333,20200123
14.243783783800001,20200123
14.176216216199998,20200123
14.201621621600001,20200123
14.3168421053,20200123
14.334054054100001,20200123
14.091851851900001,20200123
14.0984210526,20200123
14.067027027,20200123
14.0769230769,20200123
14.152352941199998,20200123
14.2318918919,20200106
14.2084210526,20200106
14.3172222222,20200106
14.2394594595,20200106
14.243243243199998,20200106
14.2248648649,20200106
14.1978947368,20200106
14.270810810799999,20200106
14.254117647100001,20200106
14.252432432400001,20200106
14.3027027027,20200106
14.2724324324,20200106
14.2842105263,20200106
14.3172222222,20200106
14.303636363599999,20200106
14.236216216199999,20200106
14.213513513499999,20200106
14.3110526316,20200106
14.225,20200106
14.223783783800002,20200106
14.1935135135,20200106
14.1994594595,20200106
14.247027027,20200106
14.291351351400001,20200106
14.266486486500002,20200106
14.238378378399998,20200106
14.2896969697,20200106
14.3648648649,20200106
14.2216216216,20200106
14.170810810799999,20200106
14.208,20200106
14.1684210526,20200106
14.2081081081,20200114
14.2551351351,20200114
14.238857142899999,20200114
14.196111111099999,20200114
14.254210526300001,20200114
14.29,20200114
14.2336842105,20200114
14.3221621622,20200114
14.3491891892,20200114
14.191351351400002,20200114
14.156842105299999,20200114
14.116363636400001,20200114
14.2105555556,20200121
14.1351351351,20200121
13.804444444400001,20200121
14.185789473699998,20200121
14.227027027,20200121
14.2518918919,20200121
14.2881481481,20200121
14.271764705899999,20200121
14.279473684200001,20200121
14.3151351351,20200121
14.1994594595,20200121
14.2497297297,20200121
14.2102702703,20200121
14.1827027027,20200121
14.194210526300001,20200121
14.1983783784,20200121
14.1681081081,20200121
14.134545454500001,20200121
14.0638709677,20200121
14.236969697000001,20200121
14.244516129,20200121
14.1468421053,20200121
14.2837837838,20200121
14.2783783784,20200121
14.2715789474,20200121
14.2577777778,20200121
14.253939393900001,20200121
14.2410526316,20200121
14.30125,20200121
14.1605405405,20200122
14.16,20200122
14.134594594600001,20200122
14.1494736842,20200122
14.148648648599998,20200122
14.2513513514,20200122
14.2962162162,20200122
14.3,20200122
14.3131578947,20200122
14.1751351351,20200122
14.1621621622,20200122
14.1968421053,20200122
14.184571428599998,20200122
14.247647058800002,20200122
14.254482758599998,20200122
14.2580645161,20200122
14.2821621622,20200122
14.161875,20200122
14.2584210526,20200122
14.3059459459,20200122
14.2967567568,20200122
14.186486486500002,20200122
14.1983783784,20200122
14.143783783800002,20200122
14.152972972999999,20200122
14.1736842105,20200122
14.2221621622,20200122
14.2294736842,20200122
14.0983333333,20200122
14.119444444400001,20200122
14.0562162162,20200122
14.276756756800001,20191230
14.264210526300001,20191230
14.26,20191230
14.298378378399999,20191230
14.2372222222,20191230
14.2344,20191230
14.194736842100001,20191230
14.1563157895,20191230
14.181081081099999,20191230
14.244444444400001,20191230
14.2489473684,20191230
14.238918918900001,20191230
14.17,20191230
14.299459459500001,20191230
14.25,20191230
14.1610526316,20191230
14.1259459459,20191230
14.1140540541,20191230
14.1758823529,20191230
14.2794594595,20191230
14.0945945946,20191230
14.122352941199999,20191230
14.1763157895,20191230
14.2027027027,20191230
14.252352941199998,20191230
14.2015384615,20200110
14.083333333299999,20200110
14.2632432432,20200110
14.2875675676,20200110
14.1388571429,20200110
14.1215789474,20200116
14.1805555556,20200116
14.323243243199999,20200116
14.2161904762,20200116
14.3116666667,20200116
14.3744444444,20200116
14.236363636400002,20200116
14.2416216216,20200116
14.2547368421,20200116
14.2216216216,20200116
14.2421621622,20200116
14.1751351351,20200116
14.1935135135,20200116
14.2216216216,20200116
14.272972973,20200116
14.2702857143,20200116
14.2108108108,20200116
14.179473684200001,20200116
14.18625,20200116
14.256875,20200116
14.2724324324,20200116
14.047027027,20200116
14.167567567599999,20200116
14.2878571429,20200116
14.2041666667,20200127
14.169333333299999,20200127
14.2259459459,20200127
14.2844444444,20200127
14.208947368399999,20200127
14.0848648649,20200127
14.1291891892,20200127
14.1552631579,20200127
14.2037837838,20200127
14.1291891892,20200127
14.2162162162,20200127
14.2156756757,20200127
14.2666666667,20200127
14.244210526300002,20200127
14.1447368421,20200127
14.1513513514,20200127
14.191351351400002,20200127
14.1848648649,20200127
14.2008,20200127
14.095652173900001,20200127
14.026486486500001,20200127
14.0567567568,20200127
14.0383783784,20200127
14.056315789500001,20200127
13.9183783784,20200127
13.9059459459,20200127
14.0243243243,20200127
14.041621621600001,20200127
14.167567567599999,20200131
14.170810810799999,20200131
14.2043243243,20200131
14.165833333299998,20200131
14.2268421053,20200131
14.1043243243,20200131
14.1408,20200131
14.2,20200131
14.144324324300001,20200131
14.1875675676,20200131
14.0913513514,20200131
14.0784210526,20200131
14.1268421053,20200131
14.1194594595,20200131
14.1572222222,20200131
14.0902702703,20200131
14.0342105263,20200131
14.101081081099998,20200131
13.9372972973,20200206
14.0832432432,20200206
14.092972973,20200206
13.7436842105,20200206
14.004210526300001,20200206
14.046111111099998,20200206
14.04,20200206
14.0163157895,20200206
14.0122222222,20200206
14.0405555556,20200206
13.9415789474,20200206
13.947027027,20200206
13.9524324324,20200206
13.8510526316,20200206
13.910625,20200206
13.9232432432,20200206
13.9372972973,20200206
13.9432432432,20200206
13.846111111099999,20200206
13.9372972973,20200206
13.9727777778,20200206
13.9281081081,20200206
13.9621621622,20200206
13.968333333299999,20200206
13.972972973,20200206
14.026486486500001,20200206
13.994054054100001,20200206
13.8021621622,20200206
13.8363157895,20200206
13.8110526316,20200206
14.138918918900002,20200201
14.0459459459,20200201
14.0481081081,20200201
14.08,20200201
14.0978378378,20200201
14.111351351400002,20200201
14.1416,20200201
14.0568421053,20200201
14.0432432432,20200201
14.0994594595,20200201
14.0810526316,20200201
13.9611111111,20200201
13.970526315799999,20200201
13.993333333299999,20200201
13.923157894700001,20200205
13.899459459500001,20200205
13.9622222222,20200205
13.776756756800001,20200205
13.810526315799999,20200205
13.8627027027,20200205
13.9015789474,20200205
13.983243243199999,20200205
13.861052631600002,20200205
13.8810810811,20200205
13.8659259259,20200205
13.876571428599998,20200205
13.8672222222,20200205
13.87,20200205
13.9621052632,20200205
13.955675675699998,20200205
13.6933333333,20200205
13.9562162162,20200205
13.889189189200001,20200205
13.9345945946,20200205
13.854736842100001,20200205
13.735789473699999,20200205
13.856756756800001,20200205
13.966486486500001,20200205
13.834210526300001,20200205
13.8967567568,20200205
13.503636363599998,20200205
13.854000000000001,20200205
13.9194117647,20200205
13.9268421053,20200205
13.904000000000002,20200205
13.8745945946,20200205
13.8859459459,20200205
13.8294736842,20200205
13.9547368421,20200205
13.856216216199998,20200205
13.7643243243,20200205
13.8816216216,20200205
13.865405405399999,20200205
13.824324324300001,20200205
14.0027027027,20200205
13.8511111111,20200205
13.980869565199999,20200204
13.8286486486,20200204
13.835,20200204
13.83,20200204
13.977894736800001,20200204
14.0054054054,20200204
13.9031578947,20200204
13.9330769231,20200204
13.99,20200204
13.888648648599998,20200204
13.8962162162,20200204
13.9010526316,20200204
13.941052631600002,20200204
13.9205263158,20200204
13.855862069,20200204
13.889189189200001,20200204
13.8663157895,20200204
14.0005405405,20200204
13.9538461538,20200204
13.809189189200001,20200204
13.841081081099999,20200204
13.7059459459,20200204
13.780540540499999,20200204
13.7681081081,20200204
13.767428571400002,20200204
13.827027027,20200204
13.842,20200204
13.8047368421,20200204
13.9345945946,20200204
13.9552631579,20200204
13.9372972973,20200204
13.8027027027,20200204
13.7940540541,20200204
13.7931578947,20200204
13.8394594595,20200204
13.834054054100001,20200204
13.7955555556,20200204
13.7686486486,20200204
13.771351351400002,20200204
13.791351351400001,20200204
13.765454545499999,20200204
13.8578947368,20200204
13.8810810811,20200204
13.76,20200204
13.646666666700002,20200204
13.754054054100001,20200204
13.798918918900002,20200207
13.8345945946,20200207
13.8842105263,20200207
13.84,20200207
13.851891891900001,20200207
13.832432432400001,20200207
13.888648648599998,20200207
13.873513513499999,20200207
13.868333333299999,20200207
13.9263157895,20200207
13.7518918919,20200203
13.866486486500001,20200203
13.8277777778,20200203
13.855789473699998,20200203
13.817837837799999,20200203
13.9847368421,20200203
13.8347058824,20200203
13.8468421053,20200203
13.8282758621,20200203
13.8444444444,20200203
13.8972972973,20200203
13.883783783800002,20200203
13.918918918900001,20200203
13.8977777778,20200203
13.910526315799999,20200203
13.738378378399998,20200203
13.7715789474,20200203
14.201666666700001,20191126
14.1924324324,20191126
14.2931578947,20191126
14.213888888900001,20191126
14.2,20191126
14.1761290323,20191126
14.177222222200001,20191126
14.263333333299999,20191126
14.2421621622,20191126
14.228108108099999,20191126
14.2436842105,20191126
14.0864864865,20191126
14.1594594595,20191126
14.170714285699999,20191126
14.212972973,20191126
14.18,20191126
14.167333333299998,20191126
14.162,20191126
14.173333333299999,20191126
14.123888888900002,20191126
14.1921052632,20191126
14.178918918900001,20191126
14.158823529400001,20191126
14.169523809500001,20191126
14.139428571400002,20191126
14.1151351351,20191126
14.0827027027,20191126
14.049729729700001,20191126
14.0708108108,20191126
14.001081081099999,20191126
13.9075675676,20191125
13.9089473684,20191125
13.98,20191125
13.9175757576,20191125
13.974054054100002,20191125
13.845517241400001,20191125
13.757297297300001,20191125
13.728108108099999,20191125
13.7342857143,20191125
14.007027027000001,20191125
13.8697297297,20191125
13.607999999999999,20191125
14.0047368421,20191125
14.0005555556,20191125
14.0140540541,20191125
14.035135135099999,20191125
13.8962162162,20191125
14.0518918919,20191125
14.0886486486,20191127
14.1206060606,20191127
14.2105263158,20191127
14.182162162200001,20191127
14.1168421053,20191127
14.2174193548,20191127
14.22,20191127
14.238918918900001,20191127
14.202941176500001,20191127
13.8851612903,20191127
14.1694444444,20191127
14.158378378399998,20191127
14.1777777778,20191127
14.1068421053,20191127
14.074054054100001,20191127
14.1275675676,20191127
14.055789473699999,20191127
14.1367567568,20191127
14.1784210526,20191127
14.2452631579,20191127
14.1697142857,20191127
14.073513513499998,20191127
14.112727272699999,20191127
14.1495238095,20191127
14.278888888900001,20191127
14.2740540541,20191127
14.167027027,20191127
14.146315789500001,20191127
14.1378378378,20191127
14.1247368421,20191127
14.1654054054,20191127
14.193684210499999,20191129
14.1536842105,20191129
14.187368421099999,20191129
14.1522580645,20191129
14.1647058824,20191129
14.2181818182,20191129
14.1152631579,20191129
14.2,20191129
14.16,20191129
14.19,20191129
14.0816216216,20191129
13.8778947368,20191129
13.980645161300002,20191129
13.9977777778,20191129
14.0994594595,20191129
14.179090909100001,20191129
14.2006896552,20191129
14.173333333299999,20191129
14.16,20191129
14.202,20191129
14.1748387097,20191129
14.0361290323,20191129
14.199259259300002,20191129
14.200833333299999,20191129
14.192941176500002,20191129
14.191052631600002,20191129
14.206,20191129
14.198787878800001,20191129
13.96,20191129
13.9327272727,20191129
14.0875,20191129
14.161081081099999,20191129
14.1902702703,20191129
14.1502702703,20191129
14.1254054054,20191129
14.157837837799999,20191129
14.313793103399998,20191202
14.3435294118,20191202
14.3073684211,20191202
14.3221621622,20191202
14.038947368399999,20191202
14.0948387097,20191202
14.205925925899999,20191202
13.375714285699999,20191202
14.2156756757,20191202
14.195,20191202
14.1594594595,20191202
14.067894736800001,20191202
14.0708108108,20191202
14.0189473684,20191202
14.107368421099999,20191202
14.1291891892,20191202
14.0708108108,20191202
14.100909090899998,20191202
14.1464864865,20191202
14.2505555556,20191202
14.2616666667,20191202
14.152631578900001,20191202
14.134054054100002,20191202
14.1210810811,20191202
14.1102702703,20191202
14.0627027027,20191202
14.0724324324,20191202
14.1135135135,20191202
14.1284210526,20191202
14.158823529400001,20191202
14.1835294118,20191202
14.1827027027,20191202
14.1525,20191202
14.176216216199998,20191202
14.260714285699999,20191202
14.191351351400002,20191202
14.191351351400002,20191202
14.0881081081,20191202
14.1324324324,20191202
14.127368421099998,20191202
14.0736842105,20191202
14.078,20191202
14.1989189189,20191204
14.275757575799998,20191204
14.298378378399999,20191204
14.2037837838,20191204
14.1805405405,20191204
14.2062857143,20191204
14.2416216216,20191204
14.2111111111,20191204
14.08,20191204
14.2583783784,20191204
14.267999999999999,20191204
14.3,20191204
14.22,20191204
14.26,20191204
14.21,20191204
14.1,20191204
14.16,20191204
14.18,20191204
14.2,20191204
14.2133333333,20191204
14.24,20191204
14.264347826099998,20191204
14.1823529412,20191204
14.1836842105,20191204
14.2217142857,20191204
14.1584210526,20191204
14.1778947368,20191204
14.2066666667,20191204
14.2372972973,20191204
14.273714285699999,20191204
14.2551351351,20191204
14.2052631579,20191204
14.2140540541,20191204
14.196216216199998,20191204
14.1726315789,20191204
14.2144444444,20191204
14.1897297297,20191206
14.1631578947,20191206
14.228571428599999,20191206
14.381666666700001,20191206
14.352972973,20191206
14.325789473699999,20191206
14.247567567599999,20191206
14.2697297297,20191206
14.2663157895,20191206
14.4010526316,20191206
14.3525,20191206
14.1952631579,20191206
14.1810526316,20191206
14.18,20191206
14.2481081081,20191206
14.267428571400002,20191206
14.1632432432,20191206
14.172972973,20191206
14.158378378399998,20191206
14.158918918900001,20191206
14.2273684211,20191206
14.1594736842,20191206
14.070526315799999,20191206
14.2032432432,20191206
14.2068421053,20191206
14.2,20191206
14.187027027000001,20191128
14.176756756800001,20191128
14.1421052632,20191128
14.216315789500001,20191128
14.2416216216,20191128
14.148108108099999,20191128
14.1611428571,20191128
14.16,20191128
12.94,20191128
14.078918918900001,20191128
14.127368421099998,20191128
14.127027027,20191128
7.4897297297000005,20191128
13.9389473684,20191128
14.23875,20191128
14.187368421099999,20191128
14.065789473699999,20191128
14.08,20191128
14.0281081081,20191128
13.99,20191128
13.9466666667,20191128
14.03,20191128
14.0533333333,20191128
14.005,20191128
14.0466666667,20191128
14.005,20191128
14.0648648649,20191128
14.074054054100001,20191128
14.12,20191128
14.035,20191128
14.116111111099999,20191128
14.2227027027,20191128
14.1953846154,20191128
14.1545945946,20191128
14.1031578947,20191128
14.111891891900001,20191128
14.0431578947,20191128
14.1484210526,20191128
14.191351351400002,20191128
14.2372972973,20191128
14.196756756800001,20191128
14.1021428571,20191128
14.1546666667,20191128
14.144324324300001,20191128
14.2105555556,20191203
14.2166666667,20191203
14.213513513499999,20191203
14.2461111111,20191203
14.2967567568,20191203
14.2832432432,20191203
14.1727777778,20191203
14.1643243243,20191203
14.203684210499999,20191203
14.2731578947,20191203
14.2924324324,20191203
14.2702702703,20191203
14.2454054054,20191203
14.228648648599998,20191203
14.172105263199999,20191203
14.1194594595,20191203
14.143243243199999,20191203
14.1152631579,20191203
14.1551351351,20191203
14.1697297297,20191203
14.19,20191203
14.2464516129,20191203
14.261081081099999,20191203
14.1945945946,20191203
14.123684210499999,20191203
14.0718918919,20191203
14.0881081081,20191203
14.129714285699999,20191203
14.2048648649,20191203
14.2372972973,20191203
14.2108108108,20191203
14.2225,20191203
14.2171428571,20191203
14.2454545455,20191203
14.2047058824,20191203
14.065,20191203
14.145,20191203
14.14,20191203
14.18,20191203
14.185,20191203
14.1333333333,20191203
14.155,20191203
14.1,20191203
14.303783783800002,20191205
14.300555555599999,20191205
14.2610526316,20191205
14.2522222222,20191205
14.261081081099999,20191205
14.2221621622,20191205
13.8953846154,20191205
14.269444444400001,20191205
14.2751351351,20191205
14.3151351351,20191205
14.306428571400001,20191205
14.3535135135,20191205
14.2578378378,20191205
14.3351351351,20191205
14.3005405405,20191205
14.2,20191205
14.2108108108,20191205
14.247027027,20191205
14.2421621622,20191205
14.228947368399998,20191205
14.2778378378,20191205
14.3216216216,20191205
14.2881081081,20191205
14.2936842105,20191205
14.111052631600002,20191205
14.2740540541,20191207
14.37,20191207
14.2238709677,20191207
14.355428571400001,20191207
14.316666666700002,20191207
14.2,20191207
14.1489473684,20191207
14.2911111111,20191209
14.242631578900001,20191209
14.181081081099999,20191209
14.1594594595,20191209
14.2021621622,20191209
14.324444444400001,20191209
14.2789189189,20191209
14.2794594595,20191209
14.218918918900002,20191209
14.2463157895,20191209
14.1854054054,20191209
14.1875675676,20191209
14.145714285699999,20191209
14.1427777778,20191209
14.1702702703,20191209
14.195675675699999,20191209
14.18375,20191209
14.1413793103,20191209
14.2254054054,20191209
14.154054054100001,20191209
14.164210526300002,20191209
14.2221621622,20191209
14.266206896600002,20191209
14.085945945899999,20191209
14.1097297297,20191209
14.122631578900002,20191209
14.1551351351,20191209
14.147027027,20191209
13.9475675676,20191209
13.986666666700001,20191209
13.955135135099999,20191209
14.2647368421,20191210
14.2026315789,20191210
14.2331578947,20191210
14.3378378378,20191210
14.314054054100001,20191210
14.3275675676,20191210
14.3147368421,20191210
14.165945945899999,20191210
14.2705263158,20191210
14.2037837838,20191210
14.304516129000001,20191210
14.338918918900001,20191210
14.2367567568,20191210
14.214594594600001,20191210
14.26,20191210
14.171891891900001,20191210
14.217391304300001,20191210
14.2072727273,20191210
14.14,20191210
14.1508108108,20191210
14.101621621600001,20191210
14.095,20191210
14.280540540499999,20191210
14.222222222200001,20191210
14.17,20191210
14.151111111099999,20191210
14.1805263158,20191210
14.1713513514,20191210
14.2821052632,20191210
14.1848648649,20191210
14.085945945899999,20191210
13.903333333299999,20191210
14.0521052632,20191210
14.0584210526,20191210
14.084000000000001,20191210
14.0394594595,20191210
14.0257894737,20191210
14.0421621622,20191210
14.0442105263,20191210
14.0847368421,20191210
14.100540540499999,20191210
14.076842105299999,20191210
14.111891891900001,20191210
14.1052631579,20191210
14.2336842105,20191211
14.276111111099999,20191211
14.1911111111,20191211
14.1643243243,20191211
14.2827027027,20191211
14.1951351351,20191211
14.2578378378,20191211
14.3097297297,20191211
14.3118918919,20191211
14.2297297297,20191211
14.262162162200001,20191211
13.77,20191211
14.2075675676,20191211
14.2535135135,20191211
14.106486486500001,20191211
14.1257894737,20191211
14.085142857100001,20191211
14.1681081081,20191211
14.170810810799999,20191211
14.24,20191211
14.201621621600001,20191211
14.173157894700001,20191211
14.095,20191211
13.855,20191211
14.1944,20191211
14.24,20191211
14.2940540541,20191211
14.293513513499999,20191211
14.2297297297,20191211
14.2268421053,20191211
14.2308571429,20191211
14.222857142899999,20191211
14.266486486500002,20191211
14.2347368421,20191211
14.256216216199999,20191211
14.2151351351,20191211
14.116216216199998,20191211
14.068108108099999,20191211
14.181081081099999,20191212
14.0983783784,20191212
14.184285714300001,20191212
14.2348571429,20191212
14.1972972973,20191212
14.2461111111,20191212
14.207027027,20191212
14.194736842100001,20191212
14.271428571400001,20191212
14.2276470588,20191212
14.162105263199999,20191212
14.1696969697,20191212
14.150526315799999,20191212
14.2416216216,20191212
14.2545945946,20191212
14.082105263199999,20191212
14.1944444444,20191212
14.198333333299999,20191212
14.209375,20191212
14.1778378378,20191212
14.1738888889,20191212
14.2678947368,20191212
14.205405405399999,20191212
14.2022222222,20191212
14.2081081081,20191212
14.1605405405,20191212
14.1047058824,20191212
14.0972972973,20191212
14.257714285699999,20191213
14.0718918919,20191213
14.1243243243,20191213
14.261621621600002,20191213
14.3021052632,20191213
14.3054054054,20191213
14.2951351351,20191213
14.2021621622,20191213
14.1727777778,20191213
14.2140540541,20191213
14.2254054054,20191213
14.147894736800001,20191213
14.154545454500001,20191213
14.135263157899999,20191213
14.143783783800002,20191213
14.2168421053,20191213
14.116756756800001,20191213
14.1151351351,20191213
14.0947368421,20191213
13.9921052632,20191213
14.1068421053,20191213
14.1547368421,20191213
14.106470588199999,20191213
14.1084210526,20191213
14.138378378399999,20191213
14.1125,20191213
14.15,20191213
14.067333333299999,20191213
14.1745945946,20191213
14.194736842100001,20191213
14.1972972973,20191213
14.165945945899999,20191213
14.2242105263,20191213
14.1697297297,20191213
14.2735135135,20191213
14.1083333333,20191213
14.030270270299999,20191213
14.132222222200001,20191213
13.9097297297,20191213
13.964,20191213
14.2627027027,20191230
14.1805405405,20191230
14.173157894700001,20191230
14.2114285714,20191230
14.217931034500001,20191230
14.152972972999999,20191230
14.18,20191230
14.2631578947,20191230
14.2272222222,20191230
14.2254054054,20191230
14.1315789474,20191230
14.0940540541,20191230
14.1622222222,20191230
14.1835294118,20191230
14.2351351351,20191230
14.271851851900001,20191230
14.2416216216,20191230
14.1827027027,20191230
14.207368421099998,20191230
14.1254054054,20191230
14.1232432432,20191230
14.116363636400001,20191230
14.1594594595,20191230
14.1715384615,20191230
14.206,20191230
14.214594594600001,20191230
14.2405555556,20191230
14.247894736800001,20191230
14.3410526316,20200107
14.366486486500001,20200107
14.309189189200001,20200107
14.146315789500001,20200107
14.1994594595,20200107
14.2969230769,20200107
14.272972973,20200107
14.2675675676,20200107
14.2610526316,20200107
14.2517241379,20200107
14.2994736842,20200107
14.36,20200107
14.3735294118,20200107
14.2752631579,20200107
14.3286486486,20200107
14.3921052632,20200107
14.068108108099999,20200117
14.1351351351,20200117
14.1957894737,20200117
14.189473684200001,20200117
14.213513513499999,20200117
14.2162162162,20200117
14.34,20200117
14.1702702703,20200117
14.1951351351,20200117
14.0157142857,20200117
14.167894736800001,20200117
14.18,20200117
14.2178378378,20200106
14.27,20200106
14.256756756800002,20200106
14.254054054100001,20200106
14.1875675676,20200106
14.24,20200106
14.2751515152,20200106
14.294594594600001,20200106
14.2448648649,20200106
14.201621621600001,20200106
14.3384210526,20200106
14.306315789500001,20200106
14.407027027,20200106
14.212972973,20200106
14.265789473699998,20200106
14.1863157895,20200106
14.247567567599999,20200106
14.2167567568,20200106
14.2005555556,20200106
14.310555555599999,20200106
14.238918918900001,20200106
14.234210526300002,20200106
14.2605555556,20200106
14.303783783800002,20200106
14.266486486500002,20200106
14.1951351351,20200106
14.3336842105,20200106
14.295,20200106
14.265999999999998,20200113
14.2292307692,20200113
14.2689473684,20200113
14.2544444444,20200113
14.177222222200001,20200113
14.2481081081,20200113
14.2275675676,20200113
14.183783783800001,20200113
14.3216666667,20200120
14.1318918919,20200120
14.1745945946,20200120
14.19,20200120
14.129729729700001,20200120
14.2837837838,20200120
14.2691428571,20200120
14.2783783784,20200120
14.2831578947,20200120
14.253846153800001,20200120
14.214594594600001,20200120
14.2033333333,20200120
14.2447368421,20200120
14.24,20200120
14.2015789474,20200120
14.2735135135,20200120
14.291052631600001,20200120
14.2254054054,20200120
14.271891891900001,20200120
14.2027027027,20200120
14.2221621622,20200120
14.1805263158,20200120
14.1921052632,20200120
14.2032432432,20200120
14.1896969697,20200120
14.2147058824,20200120
14.0653333333,20200120
14.241081081099999,20200120
14.2345945946,20200120
14.191351351400002,20200120
14.1483333333,20200120
14.2,20200120
14.2318518519,20200120
14.181875,20200120
13.5323076923,20200120
14.2140540541,20200120
14.2394594595,20200120
14.2675675676,20200120
14.21,20200120
14.2111764706,20200120
14.1376470588,20200120
14.141111111099999,20200120
14.1745945946,20200120
14.1794594595,20200120
14.2324324324,20200120
14.124,20200120
14.1305263158,20200120
14.1237837838,20191224
14.2248648649,20191224
14.205405405399999,20191224
14.2431578947,20191224
14.176756756800001,20191224
14.2605555556,20191224
14.2745945946,20191224
14.1205405405,20191224
14.1536842105,20191224
14.206486486500001,20191224
14.2178947368,20191224
14.243783783800001,20191224
14.182162162200001,20191224
14.3740540541,20200110
14.3072222222,20200110
14.3133333333,20200109
14.33,20200109
14.351351351400002,20200109
14.3545945946,20200109
14.351351351400002,20200109
14.32,20200109
14.3231578947,20200109
14.213513513499999,20200109
14.2167567568,20200109
14.3283333333,20200109
14.1745945946,20200109
14.1904347826,20200109
14.118666666700001,20200109
14.232972972999999,20200121
14.171891891900001,20200121
14.1194736842,20200121
14.2772972973,20200121
14.2740540541,20200121
14.272972973,20200121
14.3010810811,20200121
14.2947368421,20200121
14.286486486500001,20200121
14.2675675676,20200121
14.2868421053,20200121
14.2372972973,20200121
14.3313513514,20200121
14.115172413800002,20200121
14.185555555599999,20200121
14.1386206897,20200121
14.1668571429,20200121
14.184571428599998,20200121
14.2033333333,20200121
14.2227027027,20200121
14.200625,20200121
14.1877777778,20200121
14.191891891900001,20200121
14.2210810811,20200121
14.1489655172,20200121
14.291351351400001,20200121
14.276216216199998,20200121
14.287027027,20200121
14.305263157899999,20200121
14.2542857143,20200121
14.3012903226,20200121
14.301111111099999,20200121
14.2021621622,20191227
14.1924324324,20191227
14.218947368399999,20191227
14.212941176500001,20191227
14.2393333333,20191227
14.2746153846,20191227
14.0684210526,20191227
14.35,20200108
14.2288888889,20200108
14.247027027,20200108
14.2497297297,20200108
14.2277777778,20200108
14.2594594595,20200108
14.26,20200108
14.3117647059,20200108
14.3222222222,20200108
14.3122222222,20200108
14.223888888900001,20200108
14.31,20200108
14.2584210526,20200108
14.3117647059,20200108
14.303428571400001,20200108
14.354210526300001,20200108
14.232972972999999,20200108
14.3875675676,20200108
14.378378378399999,20200108
14.1177142857,20200122
14.215,20200122
14.211666666700001,20200122
14.2497297297,20200122
14.323888888900001,20200122
14.2783783784,20200122
14.313513513499998,20200122
14.218333333299999,20200122
14.2940540541,20200122
14.3054054054,20200122
14.2032432432,20200122
14.1254054054,20200122
14.1027027027,20200122
14.1064,20200122
14.2324324324,20200122
14.1952631579,20200122
14.2021052632,20200122
14.2156756757,20200122
14.2584210526,20200122
14.1866666667,20200122
14.227,20200122
14.2184615385,20200122
14.2156756757,20200122
14.2064516129,20200122
14.1789473684,20200122
14.1697297297,20200122
14.2124324324,20200103
14.162631578900001,20200103
14.32625,20200111
14.2437037037,20200111
13.67,20200111
14.275675675699999,20200114
14.3016216216,20200114
14.274210526300001,20200114
14.185945945899999,20200114
14.1831578947,20200114
14.2583783784,20200114
14.261081081099999,20200114
14.2131578947,20200114
14.28,20200114
14.2783783784,20200114
14.2702702703,20200114
14.2441176471,20200123
14.2032432432,20200123
14.147027027,20200123
14.178918918900001,20200123
14.286486486500001,20200123
14.3594594595,20200123
14.14125,20200123
14.154054054100001,20200128
14.1594444444,20200128
14.187999999999999,20200128
14.105405405399999,20200128
14.0852631579,20200128
14.121764705899999,20200128
14.0747368421,20200128
14.1843243243,20200128
14.1983783784,20200128
14.131052631600001,20200128
14.1594594595,20200128
14.126486486500001,20200128
14.1259459459,20200128
14.121621621600001,20200128
14.1545945946,20200128
14.0994594595,20200128
14.16,20200128
14.1668571429,20200128
14.152972972999999,20200128
14.1643243243,20200128
14.2193939394,20200128
14.134594594600001,20200128
14.081081081099999,20200128
14.049729729700001,20200128
14.1266666667,20200128
14.134054054100002,20200128
14.1052631579,20200128
14.117368421099998,20200128
14.058918918900002,20200128
14.0284210526,20200128
14.04,20200128
14.0985714286,20200128
14.0682352941,20200128
14.0078947368,20200128
13.978947368399998,20200128
14.2026666667,20200129
14.138378378399999,20200129
14.1686486486,20200129
14.1151351351,20200129
14.0427027027,20200129
14.070526315799999,20200129
14.012105263199999,20200129
14.2017391304,20200129
14.1715789474,20200129
14.073513513499998,20200129
14.1805263158,20200129
14.170810810799999,20200129
14.176756756800001,20200129
14.170810810799999,20200129
14.033684210499999,20200129
14.0432432432,20200129
14.1805405405,20200129
14.1827777778,20200129
14.177368421099999,20200129
14.1454054054,20200129
14.143636363599999,20200129
14.244444444400001,20191220
14.3488235294,20191220
14.3215789474,20191220
14.2105882353,20191220
14.1291891892,20191220
14.1616216216,20191220
14.1259459459,20191220
14.1497297297,20191220
14.275172413800002,20191220
14.2027027027,20191220
14.1831578947,20191220
14.1545945946,20191220
14.154210526300002,20191220
14.167027027,20191220
14.14,20191220
14.162702702699999,20191220
14.1268421053,20191220
14.1,20191220
14.1031578947,20191220
14.0979310345,20191220
14.1063157895,20191220
14.221052631600001,20191220
14.1084210526,20191220
14.0064705882,20191220
14.1740740741,20191220
14.1368421053,20191220
14.0864864865,20191220
14.0848648649,20191220
14.087368421099999,20191220
14.1648648649,20191220
14.2075675676,20191220
14.1178378378,20191220
14.1684210526,20191220
14.138918918900002,20191220
14.1237837838,20191220
14.0284210526,20191220
13.9563157895,20191220
14.0578378378,20191220
13.06,20191220
14.0326315789,20191220
14.0508108108,20191220
14.116756756800001,20191220
14.1545945946,20191220
14.13,20191220
14.111891891900001,20191220
14.278333333299999,20191221
14.2373684211,20191221
14.2094736842,20191221
14.158378378399998,20191221
14.1178947368,20191221
14.170810810799999,20191221
14.1924324324,20191221
14.1994594595,20191221
14.238918918900001,20191221
14.0714285714,20191221
14.2227027027,20191221
14.228823529400001,20191221
13.7526315789,20191221
14.228108108099999,20191221
14.262162162200001,20191221
14.318918918900001,20191221
14.321714285699999,20191221
14.1768421053,20191221
14.1531578947,20191221
14.1394736842,20191221
14.121621621600001,20191221
14.161538461500001,20191221
14.1344444444,20191221
11.9468421053,20191223
11.915789473699999,20191223
13.9155555556,20191223
13.9383783784,20191223
14.04,20191223
14.1051851852,20191223
14.085,20191223
13.90625,20191223
14.118235294100002,20191223
14.1254054054,20191223
14.134594594600001,20191223
14.1184210526,20191223
14.0891666667,20191223
14.1940540541,20191223
14.2394736842,20191223
14.242777777799999,20191223
14.22,20191223
14.133513513499999,20191223
14.183783783800001,20191223
14.1497297297,20191223
14.127027027,20191223
14.1513513514,20191223
14.1151351351,20191223
14.076216216199999,20191223
14.0663157895,20191223
14.1740540541,20191223
14.1531578947,20191223
14.1686486486,20191223
14.1518918919,20191223
14.138947368399998,20191223
14.1237837838,20191223
13.9822222222,20191223
14.0047368421,20191223
14.12,20191223
14.1909090909,20191223
14.1994594595,20191223
14.212,20191223
14.172,20191223
14.1168421053,20191223
14.2072222222,20191223
14.2573333333,20191223
14.2114285714,20191223
14.1886486486,20191223
14.1617647059,20191223
14.134594594600001,20191223
14.223243243199999,20191219
14.128648648599999,20191217
14.0081081081,20191217
14.1655555556,20191217
14.211351351400001,20191217
14.190810810799999,20191217
14.1886486486,20191217
14.24,20191217
14.2121052632,20191217
14.2,20191217
14.2908108108,20191217
14.2489473684,20191217
14.1378947368,20191217
14.1536842105,20191217
14.178918918900001,20191217
14.1551351351,20191217
14.216315789500001,20191217
14.1368421053,20191217
14.163783783800001,20191217
14.1648275862,20191217
14.1288888889,20191217
14.1105263158,20191217
14.041052631600001,20191217
14.171111111099998,20191217
14.1735135135,20191217
14.206486486500001,20191217
14.0902702703,20191217
14.1347368421,20191217
14.1005263158,20191217
14.0836842105,20191217
14.1081081081,20191217
14.0659459459,20191217
14.1778947368,20191217
14.1177142857,20191217
14.156216216199999,20191217
14.1243243243,20191217
14.132173912999999,20191217
14.093636363599998,20191217
14.167027027,20191217
14.196756756800001,20191216
14.0913513514,20191216
14.139375,20191216
14.1032432432,20191216
14.121052631600001,20191216
14.1189189189,20191216
14.171891891900001,20191216
14.1726315789,20191216
14.18,20191216
14.18,20191216
14.0372972973,20191216
14.1594594595,20191216
14.144210526300002,20191216
14.1524324324,20191216
14.1567567568,20191216
14.1140540541,20191216
14.1616216216,20191216
14.1525,20191216
13.9810810811,20191216
14.0362162162,20191216
14.056,20191216
14.1228571429,20191216
14.077894736800001,20191216
14.073513513499998,20191216
14.04,20191216
14.045714285699999,20191216
14.34,20191218
14.236216216199999,20191218
14.1594594595,20191218
14.1489473684,20191218
14.1366666667,20191218
14.17,20191218
14.139459459500001,20191218
14.084210526300001,20191218
14.0518918919,20191218
14.0459459459,20191218
14.0664864865,20191218
14.1508108108,20191218
13.918918918900001,20200207
13.9145945946,20200207
13.931111111099998,20200207
13.8637837838,20200207
13.8531578947,20200207
13.987333333299999,20200207
13.983243243199999,20200207
13.870270270299999,20200207
13.92,20200207
13.804324324300001,20200207
14.191666666700002,20200116
14.2318918919,20200116
14.3705263158,20200116
14.1832432432,20200116
14.332173913,20200116
14.3475,20200116
14.3583783784,20200116
14.2151351351,20200116
14.2632432432,20200116
14.2832432432,20200116
14.3027027027,20200116
14.349444444400001,20200116
14.2891891892,20200116
14.22625,20200116
14.2118918919,20200116
14.227894736800001,20200116
14.18,20200116
14.304324324300001,20200116
14.191351351400002,20200116
14.1616216216,20200116
14.1302702703,20200116
14.1454054054,20200116
14.302222222200001,20200116
14.2452631579,20200116
14.3145945946,20200116
14.3031578947,20200116
14.2933333333,20200115
14.3,20200115
14.2605405405,20200115
14.3318918919,20200115
14.2778571429,20200115
14.2568421053,20200115
14.115675675699999,20200127
14.175675675699999,20200127
14.1857142857,20200127
14.261081081099999,20200127
14.2678947368,20200127
14.2615789474,20200127
14.2178378378,20200127
14.1607692308,20200127
14.285405405399999,20200127
14.2486486486,20200127
14.1643243243,20200127
14.1710526316,20200127
14.1524324324,20200127
14.170810810799999,20200127
14.1872222222,20200127
14.182162162200001,20200127
14.1963157895,20200127
14.221764705899998,20200127
14.143448275899999,20200127
14.1935135135,20200127
14.188888888900001,20200127
14.1963157895,20200127
14.031052631600001,20200127
14.0551351351,20200127
14.070526315799999,20200127
14.068648648599998,20200127
13.931351351400002,20200127
13.978947368399998,20200127
14.023846153800001,20200127
14.0135135135,20200127
14.0502702703,20200127
14.0848648649,20200127
14.0411764706,20200131
14.1410810811,20200131
14.1904347826,20200131
14.16,20200131
14.1978378378,20200131
14.228648648599998,20200131
14.1616216216,20200131
14.1324324324,20200131
14.1194736842,20200131
14.1393103448,20200131
14.0713513514,20200131
14.1210810811,20200131
13.9792,20200131
14.1616216216,20200131
14.2035294118,20200131
14.0594736842,20200131
14.127058823499999,20200131
14.1536842105,20200131
14.1028571429,20200131
14.1168421053,20200131
14.1210810811,20200131
14.1585185185,20200131
14.06,20200131
14.0454054054,20200131
14.090810810799999,20200131
14.0978947368,20200131
14.076842105299999,20200201
14.1189189189,20200201
14.0836842105,20200201
14.081081081099999,20200201
14.144444444400001,20200201
14.1168421053,20200201
14.1227027027,20200201
14.092972973,20200201
13.8757894737,20200201
13.966,20200201
13.945,20200201
13.932105263199999,20200205
13.832432432400001,20200205
13.939333333299999,20200205
13.968648648599999,20200205
13.8583783784,20200205
13.8566666667,20200205
13.9263157895,20200205
13.8156756757,20200205
13.8205405405,20200205
13.8,20200205
13.9263157895,20200205
13.9836842105,20200205
13.985,20200205
13.810555555599999,20200205
13.7897297297,20200205
13.8805263158,20200205
13.844210526300001,20200205
13.851176470599999,20200205
13.8524324324,20200205
13.88,20200205
13.951428571400001,20200205
13.969189189200002,20200205
13.9331578947,20200205
13.919354838699999,20200205
13.8075675676,20200205
13.8772222222,20200205
13.9316666667,20200205
13.8805263158,20200205
13.809189189200001,20200205
13.8481081081,20200205
13.7822222222,20200205
13.899459459500001,20200205
13.894594594600001,20200205
13.809189189200001,20200205
13.735,20200205
13.8121052632,20200205
13.9125925926,20200205
13.9075,20200205
13.901935483900001,20200204
13.8551351351,20200204
13.861621621600001,20200204
13.7142857143,20200204
13.999473684200002,20200204
13.974594594600001,20200204
13.9992592593,20200204
13.9010526316,20200204
13.9672222222,20200204
13.9971428571,20200204
13.9657894737,20200204
13.8637837838,20200204
13.878333333299999,20200204
13.9145945946,20200204
13.9005405405,20200204
13.887027027,20200204
13.9183783784,20200204
13.79,20200204
13.9372222222,20200204
13.96,20200204
13.8102857143,20200204
13.8133333333,20200204
13.802222222200001,20200204
13.754054054100001,20200204
13.78,20200204
13.8275675676,20200204
13.8131578947,20200204
13.8031578947,20200204
13.818918918900001,20200204
13.8666666667,20200204
13.897894736800001,20200204
13.951351351400001,20200204
13.8643243243,20200204
13.8297297297,20200204
13.818378378399998,20200204
13.7248648649,20200204
13.8033333333,20200204
13.764210526300001,20200204
13.7957575758,20200204
13.7924324324,20200204
13.7984210526,20200204
13.738918918900001,20200204
13.808,20200204
13.786486486500001,20200204
13.6989189189,20200204
13.8535135135,20200204
13.695,20200204
13.66,20200204
13.64,20200204
13.919473684200002,20200130
13.9978378378,20200130
14.197368421099998,20200130
14.181111111099998,20200130
14.1497297297,20200130
14.1394736842,20200130
14.1341176471,20200130
14.1066666667,20200130
14.1356756757,20200130
14.1572972973,20200130
14.042857142899999,20200130
14.078918918900001,20200130
14.0724324324,20200130
14.075625,20200130
14.149142857100001,20200130
14.1664864865,20200130
14.1836842105,20200130
14.154054054100001,20200130
14.1584210526,20200130
14.1638888889,20200130
14.1205555556,20200130
14.118947368399999,20200130
14.1883333333,20200130
14.154210526300002,20200130
14.170810810799999,20200130
14.156153846199999,20200130
13.836875,20200203
13.730526315799999,20200203
13.799259259300001,20200203
13.8110526316,20200203
13.8318918919,20200203
13.8711111111,20200203
13.8254054054,20200203
13.8563157895,20200203
13.9077777778,20200203
13.8216216216,20200203
13.81,20200203
13.7897297297,20200203
13.9016216216,20200203
13.887027027,20200203
13.7972972973,20200203
13.852972973,20200203
13.8805405405,20200206
14.046486486500001,20200206
14.063783783800002,20200206
14.0459459459,20200206
14.078918918900001,20200206
14.046315789500001,20200206
13.9572972973,20200206
14.0168421053,20200206
14.0636842105,20200206
13.9805405405,20200206
13.9389473684,20200206
13.9578378378,20200206
13.974444444400001,20200206
13.9281081081,20200206
13.812571428599998,20200206
13.9205405405,20200206
13.8956756757,20200206
13.855652173900001,20200206
13.96,20200206
13.894054054100001,20200206
13.931351351400002,20200206
13.9956756757,20200206
13.9971428571,20200206
13.9436363636,20200206
13.9788888889,20200206
13.9967567568,20200206
13.7962162162,20200206
13.787027027,20200206
13.7167567568,20200206
13.7805555556,20200206
13.818378378399998,20200206
13.7908108108,20200206
14.2059459459,20191126
14.191351351400002,20191126
14.246666666700001,20191126
14.278888888900001,20191126
14.228108108099999,20191126
14.2331578947,20191126
14.1891891892,20191126
14.1794594595,20191126
14.116216216199998,20191126
14.064571428599999,20191126
14.136,20191126
14.1475675676,20191126
14.195675675699999,20191126
14.1275675676,20191126
14.1745945946,20191126
14.2516666667,20191126
14.177999999999999,20191126
14.0747368421,20191126
13.8888,20191126
14.1081481481,20191126
14.076216216199999,20191126
14.1026315789,20191126
14.1091891892,20191126
14.0721052632,20191126
14.0948571429,20191126
14.0761290323,20191126
14.0916666667,20191126
14.0745945946,20191126
14.0081081081,20191126
13.968333333299999,20191126
14.0124324324,20191126
